﻿filename,participant,country,topic,CEFR,VST,content,organization,vocabulary,language_use,mechanics,score_percent,score_percent_weighted
W_CHN_PTJ0_001_B1_1_ORIG.txt,W_CHN_001,CHN,PTJ,B1_1,30,10,9,8,7,8,70,68.3
W_CHN_SMK0_001_B1_1_ORIG.txt,W_CHN_001,CHN,SMK,B1_1,30,9,7,8,6,8,63.3,60.8
W_CHN_SMK0_002_B1_1_ORIG.txt,W_CHN_002,CHN,SMK,B1_1,27,10,10,9,9,9,78.3,75.4
W_CHN_PTJ0_002_B1_1_ORIG.txt,W_CHN_002,CHN,PTJ,B1_1,27,8,7,9,7,9,66.7,62.1
W_CHN_PTJ0_003_B1_1_ORIG.txt,W_CHN_003,CHN,PTJ,B1_1,32,10,10,8,9,9,76.7,73.8
W_CHN_SMK0_003_B1_1_ORIG.txt,W_CHN_003,CHN,SMK,B1_1,32,8,7,8,8,7,63.3,61.3
W_CHN_PTJ0_004_B1_2_ORIG.txt,W_CHN_004,CHN,PTJ,B1_2,37,8,9,6,8,9,66.7,62.1
W_CHN_SMK0_004_B1_2_ORIG.txt,W_CHN_004,CHN,SMK,B1_2,37,9,9,9,9,10,76.7,71.7
W_CHN_SMK0_005_B1_2_ORIG.txt,W_CHN_005,CHN,SMK,B1_2,44,10,9,10,10,9,80,77.1
W_CHN_PTJ0_005_B1_2_ORIG.txt,W_CHN_005,CHN,PTJ,B1_2,44,9,8,9,10,8,73.3,70.8
W_CHN_SMK0_006_B1_2_ORIG.txt,W_CHN_006,CHN,SMK,B1_2,42,10,9,9,8,9,75,72.1
W_CHN_PTJ0_006_B1_2_ORIG.txt,W_CHN_006,CHN,PTJ,B1_2,42,8,7,8,8,9,66.7,62.1
W_CHN_SMK0_007_B1_1_ORIG.txt,W_CHN_007,CHN,SMK,B1_1,34,11,11,11,10,9,86.7,84.6
W_CHN_PTJ0_007_B1_1_ORIG.txt,W_CHN_007,CHN,PTJ,B1_1,34,11,10,8,8,9,76.7,74.6
W_CHN_SMK0_008_B1_2_ORIG.txt,W_CHN_008,CHN,SMK,B1_2,39,10,9,10,8,7,73.3,72.9
W_CHN_PTJ0_008_B1_2_ORIG.txt,W_CHN_008,CHN,PTJ,B1_2,39,8,6,9,6,6,58.3,57.5
W_CHN_PTJ0_009_B1_2_ORIG.txt,W_CHN_009,CHN,PTJ,B1_2,40,11,10,9,10,10,83.3,80
W_CHN_SMK0_009_B1_2_ORIG.txt,W_CHN_009,CHN,SMK,B1_2,40,10,9,9,9,10,78.3,74.2
W_CHN_SMK0_010_B1_1_ORIG.txt,W_CHN_010,CHN,SMK,B1_1,33,9,10,10,9,8,76.7,74.2
W_CHN_PTJ0_010_B1_1_ORIG.txt,W_CHN_010,CHN,PTJ,B1_1,33,10,10,9,10,9,80,77.1
W_CHN_PTJ0_011_B1_1_ORIG.txt,W_CHN_011,CHN,PTJ,B1_1,35,9,7,7,8,8,65,62.5
W_CHN_SMK0_011_B1_1_ORIG.txt,W_CHN_011,CHN,SMK,B1_1,35,7,6,10,8,8,65,60.8
W_CHN_SMK0_012_B1_1_ORIG.txt,W_CHN_012,CHN,SMK,B1_1,35,11,11,10,10,8,83.3,82.5
W_CHN_PTJ0_012_B1_1_ORIG.txt,W_CHN_012,CHN,PTJ,B1_1,35,10,9,8,8,9,73.3,70.4
W_CHN_SMK0_013_B1_2_ORIG.txt,W_CHN_013,CHN,SMK,B1_2,39,10,11,9,9,6,75,75.8
W_CHN_PTJ0_013_B1_2_ORIG.txt,W_CHN_013,CHN,PTJ,B1_2,39,7,6,6,6,6,51.7,50
W_CHN_SMK0_014_B1_2_ORIG.txt,W_CHN_014,CHN,SMK,B1_2,39,10,11,10,11,11,88.3,82.9
W_CHN_PTJ0_014_B1_2_ORIG.txt,W_CHN_014,CHN,PTJ,B1_2,39,9,7,9,8,9,70,66.3
W_CHN_SMK0_015_B1_2_ORIG.txt,W_CHN_015,CHN,SMK,B1_2,38,6,8,8,7,6,58.3,55.8
W_CHN_PTJ0_015_B1_2_ORIG.txt,W_CHN_015,CHN,PTJ,B1_2,38,7,8,9,11,10,75,68.3
W_CHN_SMK0_016_B1_2_ORIG.txt,W_CHN_016,CHN,SMK,B1_2,39,8,10,8,7,10,71.7,65.8
W_CHN_PTJ0_016_B1_2_ORIG.txt,W_CHN_016,CHN,PTJ,B1_2,39,9,9,9,7,10,73.3,68.3
W_CHN_SMK0_017_B1_1_ORIG.txt,W_CHN_017,CHN,SMK,B1_1,35,10,11,10,9,11,85,79.6
W_CHN_PTJ0_017_B1_1_ORIG.txt,W_CHN_017,CHN,PTJ,B1_1,35,7,6,8,6,7,56.7,53.8
W_CHN_SMK0_018_B1_2_ORIG.txt,W_CHN_018,CHN,SMK,B1_2,39,4,5,6,5,4,40,38.3
W_CHN_PTJ0_018_B1_2_ORIG.txt,W_CHN_018,CHN,PTJ,B1_2,39,6,5,6,5,6,46.7,44.2
W_CHN_PTJ0_020_B1_1_ORIG.txt,W_CHN_020,CHN,PTJ,B1_1,25,9,9,8,7,9,70,66.3
W_CHN_SMK0_020_B1_1_ORIG.txt,W_CHN_020,CHN,SMK,B1_1,25,9,9,9,10,9,76.7,72.9
W_CHN_SMK0_021_A2_0_ORIG.txt,W_CHN_021,CHN,SMK,A2_0,17,8,8,9,9,9,71.7,67.1
W_CHN_PTJ0_021_A2_0_ORIG.txt,W_CHN_021,CHN,PTJ,A2_0,17,8,7,7,7,9,63.3,58.8
W_CHN_SMK0_022_A2_0_ORIG.txt,W_CHN_022,CHN,SMK,A2_0,21,10,10,8,8,10,76.7,72.5
W_CHN_PTJ0_022_A2_0_ORIG.txt,W_CHN_022,CHN,PTJ,A2_0,21,7,8,8,7,6,60,58.3
W_CHN_SMK0_023_B1_1_ORIG.txt,W_CHN_023,CHN,SMK,B1_1,27,5,8,9,9,9,66.7,59.6
W_CHN_PTJ0_023_B1_1_ORIG.txt,W_CHN_023,CHN,PTJ,B1_1,27,10,8,9,9,11,78.3,72.9
W_CHN_SMK0_024_A2_0_ORIG.txt,W_CHN_024,CHN,SMK,A2_0,24,9,10,9,8,10,76.7,71.7
W_CHN_PTJ0_024_A2_0_ORIG.txt,W_CHN_024,CHN,PTJ,A2_0,24,8,7,8,8,8,65,61.7
W_CHN_SMK0_026_A2_0_ORIG.txt,W_CHN_026,CHN,SMK,A2_0,16,4,6,7,6,8,51.7,45
W_CHN_PTJ0_026_A2_0_ORIG.txt,W_CHN_026,CHN,PTJ,A2_0,16,7,6,6,5,9,55,49.6
W_CHN_SMK0_028_B2_0_ORIG.txt,W_CHN_028,CHN,SMK,B2_0,47,12,11,11,11,11,93.3,89.6
W_CHN_PTJ0_028_B2_0_ORIG.txt,W_CHN_028,CHN,PTJ,B2_0,47,9,9,9,8,10,75,70
W_CHN_SMK0_038_A2_0_ORIG.txt,W_CHN_038,CHN,SMK,A2_0,16,10,9,9,8,10,76.7,72.5
W_CHN_PTJ0_038_A2_0_ORIG.txt,W_CHN_038,CHN,PTJ,A2_0,16,7,6,6,8,9,60,54.6
W_CHN_SMK0_039_A2_0_ORIG.txt,W_CHN_039,CHN,SMK,A2_0,24,9,9,9,8,8,71.7,69.2
W_CHN_PTJ0_039_A2_0_ORIG.txt,W_CHN_039,CHN,PTJ,A2_0,24,7,6,6,7,6,53.3,51.7
W_CHN_PTJ0_041_A2_0_ORIG.txt,W_CHN_041,CHN,PTJ,A2_0,15,8,9,8,7,7,65,62.9
W_CHN_SMK0_041_A2_0_ORIG.txt,W_CHN_041,CHN,SMK,A2_0,15,9,9,8,7,10,71.7,66.7
W_CHN_PTJ0_044_A2_0_ORIG.txt,W_CHN_044,CHN,PTJ,A2_0,21,9,10,8,8,10,75,70
W_CHN_SMK0_044_A2_0_ORIG.txt,W_CHN_044,CHN,SMK,A2_0,21,7,9,8,6,7,61.7,58.8
W_CHN_PTJ0_045_A2_0_ORIG.txt,W_CHN_045,CHN,PTJ,A2_0,23,8,7,7,9,8,65,61.7
W_CHN_SMK0_045_A2_0_ORIG.txt,W_CHN_045,CHN,SMK,A2_0,23,9,6,8,7,8,63.3,60.8
W_CHN_SMK0_046_A2_0_ORIG.txt,W_CHN_046,CHN,SMK,A2_0,18,10,10,9,9,11,81.7,76.3
W_CHN_PTJ0_046_A2_0_ORIG.txt,W_CHN_046,CHN,PTJ,A2_0,18,11,10,10,9,11,85,80.4
W_CHN_SMK0_160_B2_0_ORIG.txt,W_CHN_160,CHN,SMK,B2_0,35,11,11,10,10,12,90,84.2
W_CHN_PTJ0_160_B2_0_ORIG.txt,W_CHN_160,CHN,PTJ,B2_0,35,9,9,10,11,11,83.3,77.1
W_CHN_PTJ0_163_B2_0_ORIG.txt,W_CHN_163,CHN,PTJ,B2_0,34,9,9,10,9,11,80,73.8
W_CHN_SMK0_163_B2_0_ORIG.txt,W_CHN_163,CHN,SMK,B2_0,34,10,8,9,8,6,68.3,69.2
W_CHN_PTJ0_172_B2_0_ORIG.txt,W_CHN_172,CHN,PTJ,B2_0,35,10,10,9,10,9,80,77.1
W_CHN_SMK0_172_B2_0_ORIG.txt,W_CHN_172,CHN,SMK,B2_0,35,10,9,10,9,9,78.3,75.4
W_CHN_SMK0_182_B2_0_ORIG.txt,W_CHN_182,CHN,SMK,B2_0,35,11,10,10,11,12,90,84.2
W_CHN_PTJ0_182_B2_0_ORIG.txt,W_CHN_182,CHN,PTJ,B2_0,35,9,9,8,8,10,73.3,68.3
W_CHN_SMK0_228_B2_0_ORIG.txt,W_CHN_228,CHN,SMK,B2_0,43,12,12,11,11,12,96.7,91.7
W_CHN_PTJ0_228_B2_0_ORIG.txt,W_CHN_228,CHN,PTJ,B2_0,43,11,10,10,11,10,86.7,83.3
W_CHN_SMK0_242_B2_0_ORIG.txt,W_CHN_242,CHN,SMK,B2_0,47,12,12,12,11,11,96.7,92.9
W_CHN_PTJ0_242_B2_0_ORIG.txt,W_CHN_242,CHN,PTJ,B2_0,47,9,10,10,10,9,80,76.3
W_CHN_SMK0_275_B2_0_ORIG.txt,W_CHN_275,CHN,SMK,B2_0,48,12,12,11,10,12,95,90
W_CHN_PTJ0_272_B2_0_ORIG.txt,W_CHN_275,CHN,PTJ,B2_0,48,10,11,9,10,10,83.3,79.2
W_CHN_SMK0_277_B2_0_ORIG.txt,W_CHN_277,CHN,SMK,B2_0,32,9,9,9,9,10,76.7,71.7
W_CHN_PTJ0_275_B2_0_ORIG.txt,W_CHN_277,CHN,PTJ,B2_0,32,11,9,9,10,10,81.7,78.3
W_CHN_SMK0_316_B2_0_ORIG.txt,W_CHN_316,CHN,SMK,B2_0,45,11,12,9,9,9,83.3,81.3
W_CHN_PTJ0_316_B2_0_ORIG.txt,W_CHN_316,CHN,PTJ,B2_0,45,7,8,10,10,9,73.3,67.9
W_HKG_PTJ0_001_B1_2_ORIG.txt,W_HKG_001,HKG,PTJ,B1_2,41,11,11,9,9,10,83.3,80
W_HKG_SMK0_001_B1_2_ORIG.txt,W_HKG_001,HKG,SMK,B1_2,41,11,11,10,9,10,85,81.7
W_HKG_PTJ0_002_B1_2_ORIG.txt,W_HKG_002,HKG,PTJ,B1_2,36,9,9,8,8,9,71.7,67.9
W_HKG_SMK0_002_B1_2_ORIG.txt,W_HKG_002,HKG,SMK,B1_2,36,10,9,8,8,9,73.3,70.4
W_HKG_SMK0_003_B1_2_ORIG.txt,W_HKG_003,HKG,SMK,B1_2,43,10,10,9,8,8,75,73.3
W_HKG_PTJ0_003_B1_2_ORIG.txt,W_HKG_003,HKG,PTJ,B1_2,43,9,9,8,8,9,71.7,67.9
W_HKG_PTJ0_004_B1_2_ORIG.txt,W_HKG_004,HKG,PTJ,B1_2,38,10,9,9,9,10,78.3,74.2
W_HKG_SMK0_004_B1_2_ORIG.txt,W_HKG_004,HKG,SMK,B1_2,38,9,8,9,8,9,71.7,67.9
W_HKG_PTJ0_005_B1_1_ORIG.txt,W_HKG_005,HKG,PTJ,B1_1,30,6,6,7,6,6,51.7,49.2
W_HKG_SMK0_005_B1_1_ORIG.txt,W_HKG_005,HKG,SMK,B1_1,30,4,5,7,6,5,45,42.1
W_HKG_PTJ0_006_B1_1_ORIG.txt,W_HKG_006,HKG,PTJ,B1_1,33,8,9,8,7,9,68.3,63.8
W_HKG_SMK0_006_B1_1_ORIG.txt,W_HKG_006,HKG,SMK,B1_1,33,6,6,7,6,6,51.7,49.2
W_HKG_PTJ0_007_B2_0_ORIG.txt,W_HKG_007,HKG,PTJ,B2_0,35,8,8,7,7,8,63.3,60
W_HKG_SMK0_007_B2_0_ORIG.txt,W_HKG_007,HKG,SMK,B2_0,35,9,8,8,8,9,70,66.3
W_HKG_SMK0_008_B2_0_ORIG.txt,W_HKG_008,HKG,SMK,B2_0,47,12,12,12,11,12,98.3,93.3
W_HKG_PTJ0_008_B2_0_ORIG.txt,W_HKG_008,HKG,PTJ,B2_0,47,12,12,12,12,12,100,95
W_HKG_SMK0_009_B1_2_ORIG.txt,W_HKG_009,HKG,SMK,B1_2,40,11,10,10,9,10,83.3,80
W_HKG_PTJ0_009_B1_2_ORIG.txt,W_HKG_009,HKG,PTJ,B1_2,40,10,9,9,8,9,75,72.1
W_HKG_SMK0_010_B1_2_ORIG.txt,W_HKG_010,HKG,SMK,B1_2,41,9,9,8,7,8,68.3,65.8
W_HKG_PTJ0_010_B1_2_ORIG.txt,W_HKG_010,HKG,PTJ,B1_2,41,9,9,8,8,9,71.7,67.9
W_HKG_SMK0_011_B1_2_ORIG.txt,W_HKG_011,HKG,SMK,B1_2,38,9,8,8,7,8,66.7,64.2
W_HKG_PTJ0_011_B1_2_ORIG.txt,W_HKG_011,HKG,PTJ,B1_2,38,9,8,8,8,9,70,66.3
W_HKG_PTJ0_012_B1_2_ORIG.txt,W_HKG_012,HKG,PTJ,B1_2,37,11,11,10,10,11,88.3,83.8
W_HKG_SMK0_012_B1_2_ORIG.txt,W_HKG_012,HKG,SMK,B1_2,37,10,9,9,8,9,75,72.1
W_HKG_PTJ0_013_B1_2_ORIG.txt,W_HKG_013,HKG,PTJ,B1_2,37,8,8,9,8,9,70,65.4
W_HKG_SMK0_013_B1_2_ORIG.txt,W_HKG_013,HKG,SMK,B1_2,37,9,8,8,8,9,70,66.3
W_HKG_PTJ0_014_B1_2_ORIG.txt,W_HKG_014,HKG,PTJ,B1_2,42,9,9,8,8,9,71.7,67.9
W_HKG_SMK0_014_B1_2_ORIG.txt,W_HKG_014,HKG,SMK,B1_2,42,10,9,9,8,9,75,72.1
W_HKG_SMK0_015_B2_0_ORIG.txt,W_HKG_015,HKG,SMK,B2_0,39,10,10,9,8,9,76.7,73.8
W_HKG_PTJ0_015_B2_0_ORIG.txt,W_HKG_015,HKG,PTJ,B2_0,39,10,10,9,9,9,78.3,75.4
W_HKG_SMK0_016_B1_1_ORIG.txt,W_HKG_016,HKG,SMK,B1_1,35,7,8,8,7,7,61.7,58.8
W_HKG_PTJ0_016_B1_1_ORIG.txt,W_HKG_016,HKG,PTJ,B1_1,35,7,7,9,7,8,63.3,59.2
W_HKG_PTJ0_020_B1_1_ORIG.txt,W_HKG_020,HKG,PTJ,B1_1,26,10,11,11,10,11,88.3,82.9
W_HKG_SMK0_020_B1_1_ORIG.txt,W_HKG_020,HKG,SMK,B1_1,26,8,8,9,7,7,65,62.9
W_HKG_PTJ0_021_B1_1_ORIG.txt,W_HKG_021,HKG,PTJ,B1_1,34,9,11,9,10,11,83.3,77.1
W_HKG_SMK0_021_B1_1_ORIG.txt,W_HKG_021,HKG,SMK,B1_1,34,8,9,8,8,9,70,65.4
W_HKG_SMK0_023_B2_0_ORIG.txt,W_HKG_023,HKG,SMK,B2_0,41,9,8,8,7,8,66.7,64.2
W_HKG_PTJ0_023_B2_0_ORIG.txt,W_HKG_023,HKG,PTJ,B2_0,41,9,8,8,8,8,68.3,65.8
W_HKG_SMK0_025_B1_1_ORIG.txt,W_HKG_025,HKG,SMK,B1_1,32,10,10,11,8,7,76.7,76.3
W_HKG_PTJ0_025_B1_1_ORIG.txt,W_HKG_025,HKG,PTJ,B1_1,32,9,9,11,8,10,78.3,73.3
W_HKG_SMK0_027_B2_0_ORIG.txt,W_HKG_027,HKG,SMK,B2_0,33,9,8,7,7,8,65,62.5
W_HKG_PTJ0_027_B2_0_ORIG.txt,W_HKG_027,HKG,PTJ,B2_0,33,9,8,7,8,8,66.7,64.2
W_HKG_SMK0_028_B1_1_ORIG.txt,W_HKG_028,HKG,SMK,B1_1,25,10,7,8,8,8,68.3,66.7
W_HKG_PTJ0_028_B1_1_ORIG.txt,W_HKG_028,HKG,PTJ,B1_1,25,8,7,9,9,10,71.7,65.8
W_HKG_PTJ0_029_B2_0_ORIG.txt,W_HKG_029,HKG,PTJ,B2_0,41,10,10,9,9,9,78.3,75.4
W_HKG_SMK0_029_B2_0_ORIG.txt,W_HKG_029,HKG,SMK,B2_0,41,10,9,10,9,10,80,75.8
W_HKG_PTJ0_030_B1_1_ORIG.txt,W_HKG_030,HKG,PTJ,B1_1,32,6,8,7,6,6,55,52.5
W_HKG_SMK0_030_B1_1_ORIG.txt,W_HKG_030,HKG,SMK,B1_1,32,8,8,9,8,8,68.3,65
W_HKG_PTJ0_035_B1_1_ORIG.txt,W_HKG_035,HKG,PTJ,B1_1,32,8,8,10,8,8,70,66.7
W_HKG_SMK0_035_B1_1_ORIG.txt,W_HKG_035,HKG,SMK,B1_1,32,6,6,8,4,6,50,47.5
W_HKG_SMK0_036_B1_1_ORIG.txt,W_HKG_036,HKG,SMK,B1_1,33,10,9,9,8,9,75,72.1
W_HKG_PTJ0_036_B1_1_ORIG.txt,W_HKG_036,HKG,PTJ,B1_1,33,8,5,7,7,8,58.3,55
W_HKG_PTJ0_045_B2_0_ORIG.txt,W_HKG_045,HKG,PTJ,B2_0,39,10,9,8,7,8,70,68.3
W_HKG_SMK0_045_B2_0_ORIG.txt,W_HKG_045,HKG,SMK,B2_0,39,10,9,8,7,8,70,68.3
W_HKG_PTJ0_054_B2_0_ORIG.txt,W_HKG_054,HKG,PTJ,B2_0,46,11,11,10,9,10,85,81.7
W_HKG_SMK0_054_B2_0_ORIG.txt,W_HKG_054,HKG,SMK,B2_0,46,10,9,10,9,9,78.3,75.4
W_HKG_SMK0_055_B2_0_ORIG.txt,W_HKG_055,HKG,SMK,B2_0,41,10,9,9,8,9,75,72.1
W_HKG_PTJ0_055_B2_0_ORIG.txt,W_HKG_055,HKG,PTJ,B2_0,41,10,9,9,9,10,78.3,74.2
W_HKG_PTJ0_056_B2_0_ORIG.txt,W_HKG_056,HKG,PTJ,B2_0,47,10,10,9,8,9,76.7,73.8
W_HKG_SMK0_056_B2_0_ORIG.txt,W_HKG_056,HKG,SMK,B2_0,47,11,10,9,8,9,78.3,76.3
W_IDN_PTJ0_001_B1_1_ORIG.txt,W_IDN_001,IDN,PTJ,B1_1,33,9,9,7,7,6,63.3,63.3
W_IDN_SMK0_001_B1_1_ORIG.txt,W_IDN_001,IDN,SMK,B1_1,33,8,8,6,6,6,56.7,55.8
W_IDN_PTJ0_002_B1_1_ORIG.txt,W_IDN_002,IDN,PTJ,B1_1,31,10,10,8,7,8,71.7,70
W_IDN_SMK0_002_B1_1_ORIG.txt,W_IDN_002,IDN,SMK,B1_1,31,9,8,8,7,8,66.7,64.2
W_IDN_PTJ0_003_B1_1_ORIG.txt,W_IDN_003,IDN,PTJ,B1_1,31,6,7,6,6,7,53.3,49.6
W_IDN_SMK0_003_B1_1_ORIG.txt,W_IDN_003,IDN,SMK,B1_1,31,8,7,6,6,7,56.7,54.6
W_IDN_SMK0_004_B1_1_ORIG.txt,W_IDN_004,IDN,SMK,B1_1,32,9,8,8,7,8,66.7,64.2
W_IDN_PTJ0_004_B1_1_ORIG.txt,W_IDN_004,IDN,PTJ,B1_1,32,6,6,6,6,6,50,47.5
W_IDN_PTJ0_005_B1_1_ORIG.txt,W_IDN_005,IDN,PTJ,B1_1,33,9,9,8,7,8,68.3,65.8
W_IDN_SMK0_005_B1_1_ORIG.txt,W_IDN_005,IDN,SMK,B1_1,33,7,6,6,6,6,51.7,50
W_IDN_SMK0_007_B1_1_ORIG.txt,W_IDN_007,IDN,SMK,B1_1,26,8,7,6,6,7,56.7,54.6
W_IDN_PTJ0_007_B1_1_ORIG.txt,W_IDN_007,IDN,PTJ,A2_0,26,7,6,6,6,6,51.7,50
W_IDN_PTJ0_008_A2_0_ORIG.txt,W_IDN_008,IDN,PTJ,B1_2,38,11,10,9,7,8,75,74.2
W_IDN_SMK0_008_A2_0_ORIG.txt,W_IDN_008,IDN,SMK,A2_0,38,6,7,7,6,6,53.3,50.8
W_IDN_PTJ0_009_B1_2_ORIG.txt,W_IDN_009,IDN,PTJ,B1_1,43,8,9,9,8,8,70,66.7
W_IDN_SMK0_009_B1_2_ORIG.txt,W_IDN_009,IDN,SMK,B1_2,43,7,7,7,7,7,58.3,55.4
W_IDN_SMK0_011_B1_1_ORIG.txt,W_IDN_011,IDN,SMK,B1_1,25,7,7,7,6,6,55,53.3
W_IDN_PTJ0_011_B1_1_ORIG.txt,W_IDN_011,IDN,PTJ,B1_1,25,6,6,6,6,7,51.7,47.9
W_IDN_PTJ0_012_B1_1_ORIG.txt,W_IDN_012,IDN,PTJ,B1_1,30,8,8,7,6,7,60,57.9
W_IDN_SMK0_012_B1_1_ORIG.txt,W_IDN_012,IDN,SMK,B1_1,30,8,7,6,6,7,56.7,54.6
W_IDN_PTJ0_013_B1_1_ORIG.txt,W_IDN_013,IDN,PTJ,B1_1,30,8,8,7,7,8,63.3,60
W_IDN_SMK0_013_B1_1_ORIG.txt,W_IDN_013,IDN,SMK,B1_1,30,6,6,7,6,7,53.3,49.6
W_IDN_SMK0_014_B1_1_ORIG.txt,W_IDN_014,IDN,SMK,B1_1,28,9,9,8,7,8,68.3,65.8
W_IDN_PTJ0_014_B1_1_ORIG.txt,W_IDN_014,IDN,PTJ,B1_2,28,7,7,7,6,7,56.7,53.8
W_IDN_PTJ0_015_B1_2_ORIG.txt,W_IDN_015,IDN,PTJ,A2_0,44,11,11,10,10,11,88.3,83.8
W_IDN_SMK0_015_B1_2_ORIG.txt,W_IDN_015,IDN,SMK,B1_2,44,11,11,10,10,11,88.3,83.8
W_IDN_SMK0_017_A2_0_ORIG.txt,W_IDN_017,IDN,SMK,A2_0,17,9,8,8,7,8,66.7,64.2
W_IDN_PTJ0_017_A2_0_ORIG.txt,W_IDN_017,IDN,PTJ,B1_2,17,8,7,6,6,6,55,54.2
W_IDN_PTJ0_020_B1_2_ORIG.txt,W_IDN_020,IDN,PTJ,B1_2,44,9,9,8,7,8,68.3,65.8
W_IDN_SMK0_020_B1_2_ORIG.txt,W_IDN_020,IDN,SMK,B1_2,44,7,8,7,6,7,58.3,55.4
W_IDN_PTJ0_021_B1_2_ORIG.txt,W_IDN_021,IDN,PTJ,A2_0,36,9,9,8,8,8,70,67.5
W_IDN_SMK0_021_B1_2_ORIG.txt,W_IDN_021,IDN,SMK,B1_2,36,10,9,9,8,9,75,72.1
W_IDN_SMK0_022_A2_0_ORIG.txt,W_IDN_022,IDN,SMK,A2_0,16,9,9,8,7,7,66.7,65.4
W_IDN_PTJ0_022_A2_0_ORIG.txt,W_IDN_022,IDN,PTJ,A2_0,16,8,7,6,6,6,55,54.2
W_IDN_PTJ0_023_A2_0_ORIG.txt,W_IDN_023,IDN,PTJ,B1_2,22,9,9,7,6,7,63.3,62.1
W_IDN_SMK0_023_A2_0_ORIG.txt,W_IDN_023,IDN,SMK,A2_0,22,7,7,7,6,6,55,53.3
W_IDN_PTJ0_024_B1_2_ORIG.txt,W_IDN_024,IDN,PTJ,A2_0,42,11,11,11,10,11,90,85.4
W_IDN_SMK0_024_B1_2_ORIG.txt,W_IDN_024,IDN,SMK,B1_2,42,10,10,10,9,10,81.7,77.5
W_IDN_PTJ0_025_A2_0_ORIG.txt,W_IDN_025,IDN,PTJ,B1_2,20,8,9,9,8,9,71.7,67.1
W_IDN_SMK0_025_A2_0_ORIG.txt,W_IDN_025,IDN,SMK,A2_0,20,8,7,7,6,7,58.3,56.3
W_IDN_PTJ0_027_B1_2_ORIG.txt,W_IDN_027,IDN,PTJ,B1_2,38,9,9,8,8,9,71.7,67.9
W_IDN_SMK0_027_B1_2_ORIG.txt,W_IDN_027,IDN,SMK,B1_2,38,8,7,7,7,7,60,57.9
W_IDN_PTJ0_031_B1_2_ORIG.txt,W_IDN_031,IDN,PTJ,B1_2,40,10,9,9,8,8,73.3,71.7
W_IDN_SMK0_031_B1_2_ORIG.txt,W_IDN_031,IDN,SMK,B1_2,40,8,8,8,7,8,65,61.7
W_IDN_PTJ0_033_B1_2_ORIG.txt,W_IDN_033,IDN,PTJ,B1_2,42,9,8,8,8,8,68.3,65.8
W_IDN_SMK0_033_B1_2_ORIG.txt,W_IDN_033,IDN,SMK,B1_2,42,9,7,8,7,8,65,62.5
W_IDN_SMK0_034_B1_2_ORIG.txt,W_IDN_034,IDN,SMK,B1_2,40,10,10,9,8,9,76.7,73.8
W_IDN_PTJ0_034_B1_2_ORIG.txt,W_IDN_034,IDN,PTJ,B1_2,40,9,9,9,9,9,75,71.3
W_IDN_SMK0_035_B1_2_ORIG.txt,W_IDN_035,IDN,SMK,B1_2,41,10,10,9,8,9,76.7,73.8
W_IDN_PTJ0_035_B1_2_ORIG.txt,W_IDN_035,IDN,PTJ,A2_0,41,10,9,8,8,9,73.3,70.4
W_IDN_PTJ0_039_A2_0_ORIG.txt,W_IDN_039,IDN,PTJ,A2_0,41,10,10,10,9,10,81.7,77.5
W_IDN_SMK0_039_A2_0_ORIG.txt,W_IDN_039,IDN,SMK,A2_0,41,10,8,10,9,9,76.7,73.8
W_IDN_SMK0_045_A2_0_ORIG.txt,W_IDN_045,IDN,SMK,A2_0,19,10,9,9,8,8,73.3,71.7
W_IDN_PTJ0_045_A2_0_ORIG.txt,W_IDN_045,IDN,PTJ,A2_0,19,8,7,6,6,7,56.7,54.6
W_IDN_PTJ0_050_A2_0_ORIG.txt,W_IDN_050,IDN,PTJ,A2_0,24,7,7,6,6,6,53.3,51.7
W_IDN_SMK0_050_A2_0_ORIG.txt,W_IDN_050,IDN,SMK,A2_0,24,8,7,7,7,6,58.3,57.5
W_IDN_PTJ0_054_A2_0_ORIG.txt,W_IDN_054,IDN,PTJ,A2_0,24,11,11,11,10,11,90,85.4
W_IDN_SMK0_054_A2_0_ORIG.txt,W_IDN_054,IDN,SMK,A2_0,24,9,8,7,6,7,61.7,60.4
W_IDN_PTJ0_070_A2_0_ORIG.txt,W_IDN_070,IDN,PTJ,B1_1,42,10,9,8,7,8,70,68.3
W_IDN_SMK0_070_A2_0_ORIG.txt,W_IDN_070,IDN,SMK,A2_0,42,10,9,8,8,9,73.3,70.4
W_JPN_PTJ0_001_B1_1_ORIG.txt,W_JPN_001,JPN,PTJ,B1_1,26,7,10,9,7,11,73.3,65.4
W_JPN_SMK0_001_B1_1_ORIG.txt,W_JPN_001,JPN,SMK,B1_1,26,7,7,7,6,7,56.7,53.8
W_JPN_PTJ0_002_B1_2_ORIG.txt,W_JPN_002,JPN,PTJ,B1_2,33,6,8,8,6,9,61.7,55.4
W_JPN_SMK0_002_B1_2_ORIG.txt,W_JPN_002,JPN,SMK,B1_2,33,7,7,7,6,7,56.7,53.8
W_JPN_PTJ0_003_A2_0_ORIG.txt,W_JPN_003,JPN,PTJ,A2_0,34,9,10,9,7,7,70,68.8
W_JPN_SMK0_003_A2_0_ORIG.txt,W_JPN_003,JPN,SMK,A2_0,34,6,5,6,5,6,46.7,44.2
W_JPN_PTJ0_004_B2_0_ORIG.txt,W_JPN_004,JPN,PTJ,B2_0,40,11,10,9,8,10,80,76.7
W_JPN_SMK0_004_B2_0_ORIG.txt,W_JPN_004,JPN,SMK,B2_0,40,8,7,6,5,6,53.3,52.5
W_JPN_PTJ0_005_B2_0_ORIG.txt,W_JPN_005,JPN,PTJ,B2_0,33,7,9,9,8,8,68.3,64.2
W_JPN_SMK0_005_B2_0_ORIG.txt,W_JPN_005,JPN,SMK,B2_0,33,6,7,6,6,8,55,50
W_JPN_PTJ0_006_B1_1_ORIG.txt,W_JPN_006,JPN,PTJ,B1_1,35,8,9,10,10,9,76.7,72.1
W_JPN_SMK0_006_B1_1_ORIG.txt,W_JPN_006,JPN,SMK,B1_1,35,7,7,7,5,7,55,52.1
W_JPN_PTJ0_007_A2_0_ORIG.txt,W_JPN_007,JPN,PTJ,A2_0,29,9,9,8,7,8,68.3,65.8
W_JPN_SMK0_007_A2_0_ORIG.txt,W_JPN_007,JPN,SMK,A2_0,29,8,8,8,7,9,66.7,62.1
W_JPN_SMK0_008_B1_1_ORIG.txt,W_JPN_008,JPN,SMK,B1_1,32,7,8,7,7,9,63.3,57.9
W_JPN_PTJ0_008_B1_1_ORIG.txt,W_JPN_008,JPN,PTJ,B1_1,32,9,7,9,6,7,63.3,62.1
W_JPN_PTJ0_009_B2_0_ORIG.txt,W_JPN_009,JPN,PTJ,B2_0,35,10,11,9,10,9,81.7,78.8
W_JPN_SMK0_009_B2_0_ORIG.txt,W_JPN_009,JPN,SMK,B2_0,35,8,8,7,8,9,66.7,62.1
W_JPN_PTJ0_010_B1_2_ORIG.txt,W_JPN_010,JPN,PTJ,B1_2,34,9,8,9,9,8,71.7,69.2
W_JPN_SMK0_010_B1_2_ORIG.txt,W_JPN_010,JPN,SMK,B1_2,34,7,7,7,7,8,60,55.8
W_JPN_SMK0_011_B2_0_ORIG.txt,W_JPN_011,JPN,SMK,B2_0,27,7,7,7,7,8,60,55.8
W_JPN_PTJ0_011_B2_0_ORIG.txt,W_JPN_011,JPN,PTJ,B2_0,27,6,6,9,7,7,58.3,54.6
W_JPN_PTJ0_012_B2_0_ORIG.txt,W_JPN_012,JPN,PTJ,B2_0,37,9,10,9,9,9,76.7,72.9
W_JPN_SMK0_012_B2_0_ORIG.txt,W_JPN_012,JPN,SMK,B2_0,37,8,8,7,8,8,65,61.7
W_JPN_PTJ0_013_A2_0_ORIG.txt,W_JPN_013,JPN,PTJ,A2_0,30,6,7,9,9,10,68.3,60.8
W_JPN_SMK0_013_A2_0_ORIG.txt,W_JPN_013,JPN,SMK,A2_0,30,6,6,7,7,8,56.7,51.7
W_JPN_SMK0_014_B1_1_ORIG.txt,W_JPN_014,JPN,SMK,B1_1,37,7,8,8,8,9,66.7,61.3
W_JPN_PTJ0_014_B1_1_ORIG.txt,W_JPN_014,JPN,PTJ,B1_1,37,8,8,8,9,8,68.3,65
W_JPN_PTJ0_015_B1_2_ORIG.txt,W_JPN_015,JPN,PTJ,B1_2,35,10,10,9,9,10,80,75.8
W_JPN_SMK0_015_B1_2_ORIG.txt,W_JPN_015,JPN,SMK,B1_2,35,8,8,6,6,8,60,56.7
W_JPN_SMK0_016_B1_2_ORIG.txt,W_JPN_016,JPN,SMK,B1_2,34,8,7,7,6,10,63.3,57.5
W_JPN_PTJ0_016_B1_2_ORIG.txt,W_JPN_016,JPN,PTJ,B1_2,34,7,6,7,6,6,53.3,51.7
W_JPN_PTJ0_017_B2_0_ORIG.txt,W_JPN_017,JPN,PTJ,B2_0,35,7,8,9,7,9,66.7,61.3
W_JPN_SMK0_017_B2_0_ORIG.txt,W_JPN_017,JPN,SMK,B2_0,35,6,6,6,7,8,55,50
W_JPN_SMK0_018_B1_1_ORIG.txt,W_JPN_018,JPN,SMK,B1_1,33,6,6,7,6,7,53.3,49.6
W_JPN_PTJ0_018_B1_1_ORIG.txt,W_JPN_018,JPN,PTJ,B1_1,33,6,6,9,9,9,65,58.8
W_JPN_SMK0_019_B1_2_ORIG.txt,W_JPN_019,JPN,SMK,B1_2,39,6,7,6,6,10,58.3,50.8
W_JPN_PTJ0_019_B1_2_ORIG.txt,W_JPN_019,JPN,PTJ,B1_2,39,6,6,8,8,8,60,55
W_JPN_SMK0_020_B1_2_ORIG.txt,W_JPN_020,JPN,SMK,B1_2,31,6,7,6,6,5,50,48.8
W_JPN_PTJ0_020_B1_2_ORIG.txt,W_JPN_020,JPN,PTJ,B1_2,31,7,7,8,9,9,66.7,61.3
W_JPN_PTJ0_021_B1_2_ORIG.txt,W_JPN_021,JPN,PTJ,B1_2,25,6,7,7,6,7,55,51.3
W_JPN_SMK0_021_B1_2_ORIG.txt,W_JPN_021,JPN,SMK,B1_2,25,6,6,6,7,7,53.3,49.6
W_JPN_PTJ0_022_B1_1_ORIG.txt,W_JPN_022,JPN,PTJ,B1_1,24,9,10,9,10,10,80,75
W_JPN_SMK0_022_B1_1_ORIG.txt,W_JPN_022,JPN,SMK,B1_1,24,7,7,7,7,9,61.7,56.3
W_JPN_PTJ0_023_B2_0_ORIG.txt,W_JPN_023,JPN,PTJ,B2_0,38,9,9,10,9,10,78.3,73.3
W_JPN_SMK0_023_B2_0_ORIG.txt,W_JPN_023,JPN,SMK,B2_0,38,8,8,7,8,9,66.7,62.1
W_JPN_PTJ0_024_B1_1_ORIG.txt,W_JPN_024,JPN,PTJ,B1_1,33,7,6,6,5,7,51.7,48.8
W_JPN_SMK0_024_B1_1_ORIG.txt,W_JPN_024,JPN,SMK,B1_1,33,6,5,6,6,6,48.3,45.8
W_JPN_PTJ0_025_B1_2_ORIG.txt,W_JPN_025,JPN,PTJ,B1_2,27,10,10,12,10,10,86.7,82.5
W_JPN_SMK0_025_B1_2_ORIG.txt,W_JPN_025,JPN,SMK,B1_2,27,7,7,7,7,10,63.3,56.7
W_JPN_SMK0_026_B1_1_ORIG.txt,W_JPN_026,JPN,SMK,B1_1,35,8,8,8,7,8,65,61.7
W_JPN_PTJ0_026_B1_1_ORIG.txt,W_JPN_026,JPN,PTJ,B1_1,35,6,7,7,6,8,56.7,51.7
W_JPN_PTJ0_027_A2_0_ORIG.txt,W_JPN_027,JPN,PTJ,A2_0,31,9,9,9,7,8,70,67.5
W_JPN_SMK0_027_A2_0_ORIG.txt,W_JPN_027,JPN,SMK,A2_0,31,8,8,7,8,8,65,61.7
W_JPN_PTJ0_028_A2_0_ORIG.txt,W_JPN_028,JPN,PTJ,A2_0,22,6,7,7,6,8,56.7,51.7
W_JPN_SMK0_028_A2_0_ORIG.txt,W_JPN_028,JPN,SMK,A2_0,22,6,7,7,7,7,56.7,52.9
W_JPN_PTJ0_029_B1_1_ORIG.txt,W_JPN_029,JPN,PTJ,B1_1,33,6,6,7,6,8,55,50
W_JPN_SMK0_029_B1_1_ORIG.txt,W_JPN_029,JPN,SMK,B1_1,33,7,6,7,6,8,56.7,52.5
W_JPN_PTJ0_030_B1_1_ORIG.txt,W_JPN_030,JPN,PTJ,B1_1,30,8,8,7,6,7,60,57.9
W_JPN_SMK0_030_B1_1_ORIG.txt,W_JPN_030,JPN,SMK,B1_1,30,7,7,7,7,8,60,55.8
W_JPN_SMK0_031_B1_2_ORIG.txt,W_JPN_031,JPN,SMK,B1_2,44,7,8,6,7,8,60,55.8
W_JPN_PTJ0_031_B1_2_ORIG.txt,W_JPN_031,JPN,PTJ,B1_2,44,6,6,7,7,7,55,51.3
W_JPN_PTJ0_033_A2_0_ORIG.txt,W_JPN_033,JPN,PTJ,A2_0,23,7,7,6,5,6,51.7,50
W_JPN_SMK0_033_A2_0_ORIG.txt,W_JPN_033,JPN,SMK,A2_0,23,5,4,3,3,6,35,31.7
W_JPN_SMK0_034_B2_0_ORIG.txt,W_JPN_034,JPN,SMK,B2_0,39,8,9,7,8,9,68.3,63.8
W_JPN_PTJ0_034_B2_0_ORIG.txt,W_JPN_034,JPN,PTJ,B2_0,39,7,8,8,7,8,63.3,59.2
W_JPN_PTJ0_035_B2_0_ORIG.txt,W_JPN_035,JPN,PTJ,B2_0,31,8,8,6,6,8,60,56.7
W_JPN_SMK0_035_B2_0_ORIG.txt,W_JPN_035,JPN,SMK,B2_0,31,7,8,6,7,8,60,55.8
W_JPN_SMK0_036_A2_0_ORIG.txt,W_JPN_036,JPN,SMK,A2_0,26,7,8,7,8,8,63.3,59.2
W_JPN_PTJ0_036_A2_0_ORIG.txt,W_JPN_036,JPN,PTJ,A2_0,26,7,6,6,6,9,56.7,51.3
W_JPN_SMK0_038_A2_0_ORIG.txt,W_JPN_038,JPN,SMK,A2_0,28,7,7,7,7,6,56.7,55
W_JPN_PTJ0_038_A2_0_ORIG.txt,W_JPN_038,JPN,PTJ,A2_0,28,6,6,7,5,6,50,47.5
W_JPN_PTJ0_040_B1_2_ORIG.txt,W_JPN_040,JPN,PTJ,B1_2,35,8,9,7,7,8,65,61.7
W_JPN_SMK0_040_B1_2_ORIG.txt,W_JPN_040,JPN,SMK,B1_2,35,8,7,7,7,8,61.7,58.3
W_JPN_PTJ0_041_B2_0_ORIG.txt,W_JPN_041,JPN,PTJ,B2_0,40,8,9,8,8,9,70,65.4
W_JPN_SMK0_041_B2_0_ORIG.txt,W_JPN_041,JPN,SMK,B2_0,40,9,9,8,7,10,71.7,66.7
W_JPN_PTJ0_043_A2_0_ORIG.txt,W_JPN_043,JPN,PTJ,A2_0,32,7,7,7,6,6,55,53.3
W_JPN_SMK0_043_A2_0_ORIG.txt,W_JPN_043,JPN,SMK,A2_0,32,6,6,6,6,8,53.3,48.3
W_JPN_PTJ0_052_A2_0_ORIG.txt,W_JPN_052,JPN,PTJ,A2_0,24,7,8,7,6,8,60,55.8
W_JPN_SMK0_052_A2_0_ORIG.txt,W_JPN_052,JPN,SMK,A2_0,24,5,7,6,5,8,51.7,45.8
W_KOR_SMK0_001_A2_0_ORIG.txt,W_KOR_001,KOR,SMK,A2_0,44,9,10,10,9,9,78.3,74.6
W_KOR_PTJ0_001_A2_0_ORIG.txt,W_KOR_001,KOR,PTJ,A2_0,44,6,7,6,6,8,55,50
W_KOR_SMK0_003_B1_1_ORIG.txt,W_KOR_003,KOR,SMK,B1_1,43,8,7,7,6,5,55,55.4
W_KOR_PTJ0_003_B1_1_ORIG.txt,W_KOR_003,KOR,PTJ,B1_1,43,6,5,6,5,7,48.3,44.6
W_KOR_SMK0_004_B2_0_ORIG.txt,W_KOR_004,KOR,SMK,B2_0,27,11,12,11,11,12,95,89.2
W_KOR_PTJ0_004_B2_0_ORIG.txt,W_KOR_004,KOR,PTJ,B2_0,27,9,9,9,10,10,78.3,73.3
W_KOR_PTJ0_006_A2_0_ORIG.txt,W_KOR_006,KOR,PTJ,A2_0,43,7,7,7,6,6,55,53.3
W_KOR_SMK0_006_A2_0_ORIG.txt,W_KOR_006,KOR,SMK,A2_0,43,7,7,8,7,8,61.7,57.5
W_KOR_PTJ0_008_B1_1_ORIG.txt,W_KOR_008,KOR,PTJ,B1_1,44,10,11,11,10,11,88.3,82.9
W_KOR_SMK0_008_B1_1_ORIG.txt,W_KOR_008,KOR,SMK,B1_1,44,8,6,10,11,10,75,69.2
W_KOR_SMK0_009_B1_1_ORIG.txt,W_KOR_009,KOR,SMK,B1_1,44,8,10,9,8,9,73.3,68.8
W_KOR_PTJ0_009_B1_1_ORIG.txt,W_KOR_009,KOR,PTJ,B1_1,44,10,10,10,9,10,81.7,77.5
W_KOR_SMK0_010_B1_2_ORIG.txt,W_KOR_010,KOR,SMK,B1_2,41,7,7,8,8,8,63.3,59.2
W_KOR_PTJ0_010_B1_2_ORIG.txt,W_KOR_010,KOR,PTJ,B1_2,41,7,6,7,6,6,53.3,51.7
W_KOR_PTJ0_011_B1_2_ORIG.txt,W_KOR_011,KOR,PTJ,B1_2,37,6,7,5,6,4,46.7,46.7
W_KOR_SMK0_011_B1_2_ORIG.txt,W_KOR_011,KOR,SMK,B1_2,37,7,6,6,6,6,51.7,50
W_KOR_SMK0_012_B1_2_ORIG.txt,W_KOR_012,KOR,SMK,B1_2,45,11,11,12,11,11,93.3,88.8
W_KOR_PTJ0_012_B1_2_ORIG.txt,W_KOR_012,KOR,PTJ,B1_2,45,10,10,10,11,10,85,80.8
W_KOR_PTJ0_013_B2_0_ORIG.txt,W_KOR_013,KOR,PTJ,B2_0,36,9,10,9,8,10,76.7,71.7
W_KOR_SMK0_013_B2_0_ORIG.txt,W_KOR_013,KOR,SMK,B2_0,36,8,7,8,7,8,63.3,60
W_KOR_PTJ0_014_B1_1_ORIG.txt,W_KOR_014,KOR,PTJ,B1_1,31,9,9,9,8,9,73.3,69.6
W_KOR_SMK0_014_B1_1_ORIG.txt,W_KOR_014,KOR,SMK,B1_1,31,8,8,7,7,7,61.7,59.6
W_KOR_SMK0_015_B1_1_ORIG.txt,W_KOR_015,KOR,SMK,B1_1,34,11,12,10,9,9,85,82.9
W_KOR_PTJ0_015_B1_1_ORIG.txt,W_KOR_015,KOR,PTJ,B1_1,34,11,11,11,9,10,86.7,83.3
W_KOR_PTJ0_017_B1_1_ORIG.txt,W_KOR_017,KOR,PTJ,B1_1,41,10,11,9,9,9,80,77.1
W_KOR_SMK0_017_B1_1_ORIG.txt,W_KOR_017,KOR,SMK,B1_1,41,6,5,6,6,6,48.3,45.8
W_KOR_PTJ0_020_B2_0_ORIG.txt,W_KOR_020,KOR,PTJ,B2_0,32,9,9,6,7,7,63.3,62.1
W_KOR_SMK0_020_B2_0_ORIG.txt,W_KOR_020,KOR,SMK,B2_0,32,6,6,7,7,8,56.7,51.7
W_KOR_PTJ0_021_A2_0_ORIG.txt,W_KOR_021,KOR,PTJ,A2_0,32,10,10,8,9,7,73.3,72.9
W_KOR_SMK0_021_A2_0_ORIG.txt,W_KOR_021,KOR,SMK,A2_0,32,6,6,7,7,8,56.7,51.7
W_KOR_SMK0_022_B1_1_ORIG.txt,W_KOR_022,KOR,SMK,B1_1,28,9,8,9,8,9,71.7,67.9
W_KOR_PTJ0_022_B1_1_ORIG.txt,W_KOR_022,KOR,PTJ,B1_1,28,3,3,4,3,3,26.7,25.4
W_KOR_SMK0_023_B1_1_ORIG.txt,W_KOR_023,KOR,SMK,B1_1,28,11,11,10,10,9,85,82.9
W_KOR_PTJ0_023_B1_1_ORIG.txt,W_KOR_023,KOR,PTJ,B1_1,28,10,10,11,10,10,85,80.8
W_KOR_SMK0_024_B1_2_ORIG.txt,W_KOR_024,KOR,SMK,B1_2,42,12,11,9,9,8,81.7,81.7
W_KOR_PTJ0_024_B1_2_ORIG.txt,W_KOR_024,KOR,PTJ,B1_2,42,9,9,8,8,8,70,67.5
W_KOR_SMK0_026_A2_0_ORIG.txt,W_KOR_026,KOR,SMK,A2_0,45,9,8,8,8,8,68.3,65.8
W_KOR_PTJ0_026_A2_0_ORIG.txt,W_KOR_026,KOR,PTJ,A2_0,45,7,7,7,6,7,56.7,53.8
W_KOR_PTJ0_030_B1_2_ORIG.txt,W_KOR_030,KOR,PTJ,B1_2,43,10,10,9,8,8,75,73.3
W_KOR_SMK0_030_B1_2_ORIG.txt,W_KOR_030,KOR,SMK,B1_2,43,10,10,11,9,10,83.3,79.2
W_KOR_PTJ0_031_A2_0_ORIG.txt,W_KOR_031,KOR,PTJ,A2_0,38,8,7,8,6,7,60,57.9
W_KOR_SMK0_031_A2_0_ORIG.txt,W_KOR_031,KOR,SMK,A2_0,38,6,4,8,8,9,58.3,52.1
W_KOR_PTJ0_032_B1_2_ORIG.txt,W_KOR_032,KOR,PTJ,B1_2,45,10,11,11,9,8,81.7,80
W_KOR_SMK0_032_B1_2_ORIG.txt,W_KOR_032,KOR,SMK,B1_2,45,11,11,12,10,10,90,86.7
W_KOR_PTJ0_035_B1_2_ORIG.txt,W_KOR_035,KOR,PTJ,B1_2,36,11,11,11,10,9,86.7,84.6
W_KOR_SMK0_035_B1_2_ORIG.txt,W_KOR_035,KOR,SMK,B1_2,36,11,10,9,8,9,78.3,76.3
W_KOR_SMK0_037_B1_2_ORIG.txt,W_KOR_037,KOR,SMK,B1_2,40,8,10,6,7,7,63.3,61.3
W_KOR_PTJ0_037_B1_2_ORIG.txt,W_KOR_037,KOR,PTJ,B1_2,40,8,9,7,6,7,61.7,59.6
W_KOR_PTJ0_056_B2_0_ORIG.txt,W_KOR_056,KOR,PTJ,B2_0,37,9,9,7,7,7,65,63.8
W_KOR_SMK0_056_B2_0_ORIG.txt,W_KOR_056,KOR,SMK,B2_0,37,3,1,9,8,8,48.3,40.8
W_KOR_PTJ0_057_B2_0_ORIG.txt,W_KOR_057,KOR,PTJ,B2_0,42,12,12,9,9,10,86.7,84.2
W_KOR_SMK0_057_B2_0_ORIG.txt,W_KOR_057,KOR,SMK,B2_0,42,9,7,5,6,6,55,55
W_KOR_SMK0_075_B2_0_ORIG.txt,W_KOR_075,KOR,SMK,B2_0,38,3,10,12,11,11,78.3,67.1
W_KOR_PTJ0_075_B2_0_ORIG.txt,W_KOR_075,KOR,PTJ,B2_0,38,7,7,9,8,7,63.3,60.4
W_KOR_PTJ0_079_B2_0_ORIG.txt,W_KOR_079,KOR,PTJ,B2_0,38,12,12,12,12,12,100,95
W_KOR_SMK0_079_B2_0_ORIG.txt,W_KOR_079,KOR,SMK,B2_0,38,10,9,8,8,9,73.3,70.4
W_KOR_PTJ0_095_B2_0_ORIG.txt,W_KOR_095,KOR,PTJ,B2_0,47,7,6,9,7,8,61.7,57.5
W_KOR_SMK0_095_B2_0_ORIG.txt,W_KOR_095,KOR,SMK,B2_0,47,7,5,7,8,8,58.3,54.2
W_KOR_SMK0_114_B2_0_ORIG.txt,W_KOR_114,KOR,SMK,B2_0,33,3,7,6,5,6,45,40
W_KOR_PTJ0_114_B2_0_ORIG.txt,W_KOR_114,KOR,PTJ,B2_0,33,7,6,6,5,7,51.7,48.8
W_KOR_PTJ0_116_B2_0_ORIG.txt,W_KOR_116,KOR,PTJ,B2_0,45,9,10,9,8,9,75,71.3
W_KOR_SMK0_116_B2_0_ORIG.txt,W_KOR_116,KOR,SMK,B2_0,45,3,8,6,6,6,48.3,43.3
W_KOR_PTJ0_178_A2_0_ORIG.txt,W_KOR_178,KOR,PTJ,A2_0,36,9,9,9,8,9,73.3,69.6
W_KOR_SMK0_178_A2_0_ORIG.txt,W_KOR_178,KOR,SMK,A2_0,36,8,8,8,7,7,63.3,61.3
W_KOR_SMK0_193_A2_0_ORIG.txt,W_KOR_193,KOR,SMK,A2_0,26,8,8,8,6,7,61.7,59.6
W_KOR_PTJ0_193_A2_0_ORIG.txt,W_KOR_193,KOR,PTJ,A2_0,26,7,7,7,6,7,56.7,53.8
W_KOR_PTJ0_210_B1_1_ORIG.txt,W_KOR_210,KOR,PTJ,B1_1,35,9,10,9,8,9,75,71.3
W_KOR_SMK0_210_B1_1_ORIG.txt,W_KOR_210,KOR,SMK,B1_1,35,8,7,8,9,8,66.7,63.3
W_KOR_PTJ0_229_A2_0_ORIG.txt,W_KOR_229,KOR,PTJ,A2_0,23,8,8,6,5,8,58.3,55
W_KOR_SMK0_229_A2_0_ORIG.txt,W_KOR_229,KOR,SMK,A2_0,23,6,6,6,6,6,50,47.5
W_KOR_SMK0_236_B1_1_ORIG.txt,W_KOR_236,KOR,SMK,B1_1,31,7,7,7,6,7,56.7,53.8
W_KOR_PTJ0_236_B1_1_ORIG.txt,W_KOR_236,KOR,PTJ,B1_1,31,9,7,7,8,7,63.3,62.1
W_KOR_SMK0_267_A2_0_ORIG.txt,W_KOR_267,KOR,SMK,A2_0,22,6,6,7,6,7,53.3,49.6
W_KOR_PTJ0_267_A2_0_ORIG.txt,W_KOR_267,KOR,PTJ,A2_0,22,7,6,7,6,7,55,52.1
W_KOR_PTJ0_295_B1_2_ORIG.txt,W_KOR_295,KOR,PTJ,B1_2,43,11,11,11,10,11,90,85.4
W_KOR_SMK0_295_B1_2_ORIG.txt,W_KOR_295,KOR,SMK,B1_2,43,6,6,11,10,10,71.7,64.2
W_KOR_PTJ0_296_A2_0_ORIG.txt,W_KOR_296,KOR,PTJ,A2_0,27,10,10,8,8,8,73.3,71.7
W_KOR_SMK0_296_A2_0_ORIG.txt,W_KOR_296,KOR,SMK,A2_0,27,8,8,9,10,9,73.3,68.8
W_KOR_SMK0_299_B1_2_ORIG.txt,W_KOR_299,KOR,SMK,B1_2,38,8,8,8,8,8,66.7,63.3
W_KOR_PTJ0_299_B1_2_ORIG.txt,W_KOR_299,KOR,PTJ,B1_2,38,8,7,7,7,8,61.7,58.3
W_PAK_PTJ0_001_B1_1_ORIG.txt,W_PAK_001,PAK,PTJ,B1_1,31,9,7,7,6,5,56.7,57.9
W_PAK_SMK0_001_B1_1_ORIG.txt,W_PAK_001,PAK,SMK,B1_1,31,8,6,7,5,6,53.3,52.5
W_PAK_SMK0_002_B1_1_ORIG.txt,W_PAK_002,PAK,SMK,B1_1,32,10,9,8,7,7,68.3,67.9
W_PAK_PTJ0_002_B1_1_ORIG.txt,W_PAK_002,PAK,PTJ,B1_1,32,10,9,9,7,7,70,69.6
W_PAK_SMK0_004_B1_1_ORIG.txt,W_PAK_004,PAK,SMK,B1_1,34,5,5,4,4,4,36.7,35.8
W_PAK_PTJ0_004_B1_1_ORIG.txt,W_PAK_004,PAK,PTJ,B1_1,34,4,4,4,5,4,35,33.3
W_PAK_PTJ0_005_B1_2_ORIG.txt,W_PAK_005,PAK,PTJ,B1_2,39,7,7,6,5,5,50,49.6
W_PAK_SMK0_005_B1_2_ORIG.txt,W_PAK_005,PAK,SMK,B1_2,39,6,6,7,6,6,51.7,49.2
W_PAK_SMK0_006_B1_2_ORIG.txt,W_PAK_006,PAK,SMK,B1_2,37,6,6,7,7,7,55,51.3
W_PAK_PTJ0_006_B1_2_ORIG.txt,W_PAK_006,PAK,PTJ,B1_2,37,5,5,5,4,5,40,37.9
W_PAK_SMK0_007_B1_2_ORIG.txt,W_PAK_007,PAK,SMK,B1_2,42,6,6,6,6,7,51.7,47.9
W_PAK_PTJ0_007_B1_2_ORIG.txt,W_PAK_007,PAK,PTJ,B1_2,42,5,5,7,6,7,50,45.4
W_PAK_PTJ0_008_B1_1_ORIG.txt,W_PAK_008,PAK,PTJ,B1_1,33,9,9,9,8,8,71.7,69.2
W_PAK_SMK0_008_B1_1_ORIG.txt,W_PAK_008,PAK,SMK,B1_1,33,9,9,9,9,9,75,71.3
W_PAK_PTJ0_009_B1_1_ORIG.txt,W_PAK_009,PAK,PTJ,B1_1,35,8,8,8,7,7,63.3,61.3
W_PAK_SMK0_009_B1_1_ORIG.txt,W_PAK_009,PAK,SMK,B1_1,35,8,8,7,7,8,63.3,60
W_PAK_PTJ0_010_B1_2_ORIG.txt,W_PAK_010,PAK,PTJ,B1_2,42,8,8,7,7,8,63.3,60
W_PAK_SMK0_010_B1_2_ORIG.txt,W_PAK_010,PAK,SMK,B1_2,42,7,7,6,6,7,55,52.1
W_PAK_PTJ0_012_B1_2_ORIG.txt,W_PAK_012,PAK,PTJ,B1_2,42,9,9,7,7,8,66.7,64.2
W_PAK_SMK0_012_B1_2_ORIG.txt,W_PAK_012,PAK,SMK,B1_2,42,7,7,6,6,7,55,52.1
W_PAK_PTJ0_014_B1_1_ORIG.txt,W_PAK_014,PAK,PTJ,B1_1,32,10,10,9,8,9,76.7,73.8
W_PAK_SMK0_014_B1_1_ORIG.txt,W_PAK_014,PAK,SMK,B1_1,32,11,10,9,8,9,78.3,76.3
W_PAK_PTJ0_015_B1_2_ORIG.txt,W_PAK_015,PAK,PTJ,B1_2,39,9,8,7,7,8,65,62.5
W_PAK_SMK0_015_B1_2_ORIG.txt,W_PAK_015,PAK,SMK,B1_2,39,9,8,7,7,8,65,62.5
W_PAK_PTJ0_016_B1_1_ORIG.txt,W_PAK_016,PAK,PTJ,B1_1,34,8,9,8,7,8,66.7,63.3
W_PAK_SMK0_016_B1_1_ORIG.txt,W_PAK_016,PAK,SMK,B1_1,34,8,8,7,7,8,63.3,60
W_PAK_SMK0_017_B1_2_ORIG.txt,W_PAK_017,PAK,SMK,B1_2,42,8,7,7,7,8,61.7,58.3
W_PAK_PTJ0_017_B1_2_ORIG.txt,W_PAK_017,PAK,PTJ,B1_2,42,8,7,8,7,8,63.3,60
W_PAK_PTJ0_020_B1_1_ORIG.txt,W_PAK_020,PAK,PTJ,B1_1,33,9,8,8,7,7,65,63.8
W_PAK_SMK0_020_B1_1_ORIG.txt,W_PAK_020,PAK,SMK,B1_1,33,9,8,7,7,8,65,62.5
W_PAK_SMK0_022_B1_1_ORIG.txt,W_PAK_022,PAK,SMK,B1_1,34,8,8,6,6,6,56.7,55.8
W_PAK_PTJ0_022_B1_1_ORIG.txt,W_PAK_022,PAK,PTJ,B1_1,34,9,8,7,6,7,61.7,60.4
W_PAK_SMK0_024_B1_2_ORIG.txt,W_PAK_024,PAK,SMK,B1_2,38,6,7,7,7,8,58.3,53.3
W_PAK_PTJ0_024_B1_2_ORIG.txt,W_PAK_024,PAK,PTJ,B1_2,38,7,7,7,7,8,60,55.8
W_PAK_SMK0_025_B1_2_ORIG.txt,W_PAK_025,PAK,SMK,B1_2,39,9,7,7,6,7,60,58.8
W_PAK_PTJ0_025_B1_2_ORIG.txt,W_PAK_025,PAK,PTJ,B1_2,39,8,7,7,7,8,61.7,58.3
W_PAK_PTJ0_027_B1_1_ORIG.txt,W_PAK_027,PAK,PTJ,B1_1,34,9,9,8,8,9,71.7,67.9
W_PAK_SMK0_027_B1_1_ORIG.txt,W_PAK_027,PAK,SMK,B1_1,34,8,8,7,7,8,63.3,60
W_PAK_SMK0_030_B1_2_ORIG.txt,W_PAK_030,PAK,SMK,B1_2,37,10,9,7,7,8,68.3,66.7
W_PAK_PTJ0_030_B1_2_ORIG.txt,W_PAK_030,PAK,PTJ,B1_2,37,9,7,7,7,7,61.7,60.4
W_PHL_SMK0_001_B1_2_ORIG.txt,W_PHL_001,PHL,SMK,B1_2,40,9,10,9,9,8,75,72.5
W_PHL_PTJ0_001_B1_2_ORIG.txt,W_PHL_001,PHL,PTJ,B1_2,40,7,6,7,7,7,56.7,53.8
W_PHL_SMK0_002_B1_2_ORIG.txt,W_PHL_002,PHL,SMK,B1_2,43,7,8,7,6,6,56.7,55
W_PHL_PTJ0_002_B1_2_ORIG.txt,W_PHL_002,PHL,PTJ,B1_2,43,7,7,7,9,9,65,59.6
W_PHL_SMK0_003_B1_2_ORIG.txt,W_PHL_003,PHL,SMK,B1_2,44,10,10,10,10,10,83.3,79.2
W_PHL_PTJ0_003_B1_2_ORIG.txt,W_PHL_003,PHL,PTJ,B1_2,44,7,9,8,8,7,65,62.1
W_PHL_PTJ0_004_B1_2_ORIG.txt,W_PHL_004,PHL,PTJ,B1_2,43,8,7,5,5,5,50,50.4
W_PHL_SMK0_004_B1_2_ORIG.txt,W_PHL_004,PHL,SMK,B1_2,43,6,6,7,7,7,55,51.3
W_PHL_PTJ0_005_B1_2_ORIG.txt,W_PHL_005,PHL,PTJ,B1_2,40,6,7,7,6,6,53.3,50.8
W_PHL_SMK0_005_B1_2_ORIG.txt,W_PHL_005,PHL,SMK,B1_2,40,7,7,7,6,6,55,53.3
W_PHL_PTJ0_006_B1_2_ORIG.txt,W_PHL_006,PHL,PTJ,B1_2,36,8,7,6,6,5,53.3,53.8
W_PHL_SMK0_006_B1_2_ORIG.txt,W_PHL_006,PHL,SMK,B1_2,36,7,6,6,5,5,48.3,47.9
W_PHL_SMK0_007_B1_2_ORIG.txt,W_PHL_007,PHL,SMK,B1_2,46,8,7,7,7,7,60,57.9
W_PHL_PTJ0_007_B1_2_ORIG.txt,W_PHL_007,PHL,PTJ,B1_2,46,8,7,8,8,8,65,61.7
W_PHL_SMK0_008_B1_2_ORIG.txt,W_PHL_008,PHL,SMK,B1_2,43,8,7,6,6,6,55,54.2
W_PHL_PTJ0_008_B1_2_ORIG.txt,W_PHL_008,PHL,PTJ,B1_2,43,8,7,7,7,7,60,57.9
W_PHL_SMK0_009_B1_2_ORIG.txt,W_PHL_009,PHL,SMK,B1_2,45,12,11,11,11,11,93.3,89.6
W_PHL_PTJ0_009_B1_2_ORIG.txt,W_PHL_009,PHL,PTJ,B1_2,45,7,6,7,6,8,56.7,52.5
W_PHL_PTJ0_010_B1_2_ORIG.txt,W_PHL_010,PHL,PTJ,B1_2,46,12,12,12,12,11,98.3,94.6
W_PHL_SMK0_010_B1_2_ORIG.txt,W_PHL_010,PHL,SMK,B1_2,46,11,11,12,11,11,93.3,88.8
W_PHL_SMK0_011_B1_1_ORIG.txt,W_PHL_011,PHL,SMK,B1_1,32,8,8,9,9,9,71.7,67.1
W_PHL_PTJ0_011_B1_1_ORIG.txt,W_PHL_011,PHL,PTJ,B1_1,32,6,7,7,7,6,55,52.5
W_PHL_SMK0_013_B1_1_ORIG.txt,W_PHL_013,PHL,SMK,B1_1,35,10,10,10,10,9,81.7,78.8
W_PHL_PTJ0_013_B1_1_ORIG.txt,W_PHL_013,PHL,PTJ,B1_1,35,10,9,11,10,9,81.7,78.8
W_PHL_SMK0_038_B2_0_ORIG.txt,W_PHL_038,PHL,SMK,B2_0,48,7,8,8,8,8,65,60.8
W_PHL_PTJ0_038_B2_0_ORIG.txt,W_PHL_038,PHL,PTJ,B2_0,48,6,6,9,9,9,65,58.8
W_PHL_SMK0_041_B2_0_ORIG.txt,W_PHL_041,PHL,SMK,B2_0,47,8,8,8,7,6,61.7,60.8
W_PHL_PTJ0_041_B2_0_ORIG.txt,W_PHL_041,PHL,PTJ,B2_0,47,8,8,10,6,8,66.7,63.3
W_PHL_SMK0_051_B1_1_ORIG.txt,W_PHL_051,PHL,SMK,B1_1,35,12,12,12,12,11,98.3,94.6
W_PHL_PTJ0_051_B1_1_ORIG.txt,W_PHL_051,PHL,PTJ,B1_1,35,7,7,8,8,7,61.7,58.8
W_PHL_PTJ0_052_B1_1_ORIG.txt,W_PHL_052,PHL,PTJ,B1_1,29,10,11,11,11,12,91.7,85
W_PHL_SMK0_052_B1_1_ORIG.txt,W_PHL_052,PHL,SMK,B1_1,29,10,10,12,11,10,88.3,84.2
W_PHL_SMK0_053_B1_1_ORIG.txt,W_PHL_053,PHL,SMK,B1_1,34,9,9,9,8,8,71.7,69.2
W_PHL_PTJ0_053_B1_1_ORIG.txt,W_PHL_053,PHL,PTJ,B1_1,34,6,6,7,8,8,58.3,53.3
W_PHL_PTJ0_064_B2_0_ORIG.txt,W_PHL_064,PHL,PTJ,B2_0,47,9,10,10,9,9,78.3,74.6
W_PHL_SMK0_064_B2_0_ORIG.txt,W_PHL_064,PHL,SMK,B2_0,47,9,8,7,7,7,63.3,62.1
W_PHL_SMK0_081_B2_0_ORIG.txt,W_PHL_081,PHL,SMK,B2_0,47,10,12,10,11,11,90,84.6
W_PHL_PTJ0_081_B2_0_ORIG.txt,W_PHL_081,PHL,PTJ,B2_0,47,9,9,9,9,8,73.3,70.8
W_PHL_SMK0_085_B1_1_ORIG.txt,W_PHL_085,PHL,SMK,B1_1,34,8,7,8,7,7,61.7,59.6
W_PHL_PTJ0_085_B1_1_ORIG.txt,W_PHL_085,PHL,PTJ,B1_1,34,5,5,6,6,5,45,42.9
W_PHL_PTJ0_092_B2_0_ORIG.txt,W_PHL_092,PHL,PTJ,B2_0,47,7,7,7,6,7,56.7,53.8
W_PHL_SMK0_092_B2_0_ORIG.txt,W_PHL_092,PHL,SMK,B2_0,47,7,7,8,8,8,63.3,59.2
W_PHL_PTJ0_113_B1_1_ORIG.txt,W_PHL_113,PHL,PTJ,B1_1,28,8,7,7,7,8,61.7,58.3
W_PHL_SMK0_113_B1_1_ORIG.txt,W_PHL_113,PHL,SMK,B1_1,28,3,4,6,4,4,35,32.5
W_PHL_PTJ0_114_B1_1_ORIG.txt,W_PHL_114,PHL,PTJ,B1_1,32,9,9,8,8,5,65,66.3
W_PHL_SMK0_114_B1_1_ORIG.txt,W_PHL_114,PHL,SMK,B1_1,32,9,9,8,9,9,73.3,69.6
W_PHL_SMK0_115_B2_0_ORIG.txt,W_PHL_115,PHL,SMK,B2_0,47,9,10,10,10,10,81.7,76.7
W_PHL_PTJ0_115_B2_0_ORIG.txt,W_PHL_115,PHL,PTJ,B2_0,47,7,7,7,6,6,55,53.3
W_PHL_SMK0_123_B1_1_ORIG.txt,W_PHL_123,PHL,SMK,B1_1,34,7,9,7,6,6,58.3,56.7
W_PHL_PTJ0_123_B1_1_ORIG.txt,W_PHL_123,PHL,PTJ,B1_1,34,6,6,8,5,5,50,48.8
W_PHL_PTJ0_129_B2_0_ORIG.txt,W_PHL_129,PHL,PTJ,B2_0,47,10,10,10,10,10,83.3,79.2
W_PHL_SMK0_129_B2_0_ORIG.txt,W_PHL_129,PHL,SMK,B2_0,47,9,9,8,9,9,73.3,69.6
W_PHL_PTJ0_137_B2_0_ORIG.txt,W_PHL_137,PHL,PTJ,B2_0,47,8,10,10,9,8,75,71.7
W_PHL_SMK0_137_B2_0_ORIG.txt,W_PHL_137,PHL,SMK,B2_0,47,9,9,10,9,9,76.7,72.9
W_PHL_SMK0_141_B2_0_ORIG.txt,W_PHL_141,PHL,SMK,B2_0,47,10,10,11,10,11,86.7,81.3
W_PHL_PTJ0_141_B2_0_ORIG.txt,W_PHL_141,PHL,PTJ,B2_0,47,8,8,9,7,9,68.3,63.8
W_PHL_SMK0_148_B1_1_ORIG.txt,W_PHL_148,PHL,SMK,B1_1,33,11,11,12,11,10,91.7,88.3
W_PHL_PTJ0_148_B1_1_ORIG.txt,W_PHL_148,PHL,PTJ,B1_1,33,6,6,7,6,6,51.7,49.2
W_PHL_PTJ0_154_B2_0_ORIG.txt,W_PHL_154,PHL,PTJ,B2_0,48,9,11,10,10,10,83.3,78.3
W_PHL_SMK0_154_B2_0_ORIG.txt,W_PHL_154,PHL,SMK,B2_0,48,10,10,10,9,9,80,77.1
W_SIN_SMK0_001_B1_2_ORIG.txt,W_SIN_001,SIN,SMK,B1_2,45,11,10,12,9,11,88.3,83.8
W_SIN_PTJ0_001_B1_2_ORIG.txt,W_SIN_001,SIN,PTJ,B1_2,45,11,10,12,10,11,90,85.4
W_SIN_PTJ0_002_B1_2_ORIG.txt,W_SIN_002,SIN,PTJ,B1_2,44,11,11,12,11,11,93.3,88.8
W_SIN_SMK0_002_B1_2_ORIG.txt,W_SIN_002,SIN,SMK,B1_2,44,10,9,12,10,11,86.7,81.3
W_SIN_SMK0_003_B1_2_ORIG.txt,W_SIN_003,SIN,SMK,B1_2,42,10,10,10,9,10,81.7,77.5
W_SIN_PTJ0_003_B1_2_ORIG.txt,W_SIN_003,SIN,PTJ,B1_2,42,10,9,11,10,10,83.3,79.2
W_SIN_PTJ0_004_B2_0_ORIG.txt,W_SIN_004,SIN,PTJ,B2_0,47,12,11,10,10,11,90,86.3
W_SIN_SMK0_004_B2_0_ORIG.txt,W_SIN_004,SIN,SMK,B2_0,47,11,11,12,10,10,90,86.7
W_SIN_PTJ0_005_B2_0_ORIG.txt,W_SIN_005,SIN,PTJ,B2_0,47,11,12,11,11,10,91.7,88.3
W_SIN_SMK0_005_B2_0_ORIG.txt,W_SIN_005,SIN,SMK,B2_0,47,10,11,12,11,11,91.7,86.3
W_SIN_PTJ0_006_B2_0_ORIG.txt,W_SIN_006,SIN,PTJ,B2_0,47,12,12,11,11,12,96.7,91.7
W_SIN_SMK0_006_B2_0_ORIG.txt,W_SIN_006,SIN,SMK,B2_0,47,11,10,11,11,12,91.7,85.8
W_SIN_PTJ0_007_B1_2_ORIG.txt,W_SIN_007,SIN,PTJ,B1_2,39,11,11,10,10,11,88.3,83.8
W_SIN_SMK0_007_B1_2_ORIG.txt,W_SIN_007,SIN,SMK,B1_2,39,10,10,11,11,11,88.3,82.9
W_SIN_PTJ0_008_B1_2_ORIG.txt,W_SIN_008,SIN,PTJ,B1_2,45,10,11,11,10,10,86.7,82.5
W_SIN_SMK0_008_B1_2_ORIG.txt,W_SIN_008,SIN,SMK,B1_2,45,10,10,11,11,12,90,83.3
W_SIN_PTJ0_009_B1_2_ORIG.txt,W_SIN_009,SIN,PTJ,B1_2,46,7,8,11,10,11,78.3,70.4
W_SIN_SMK0_009_B1_2_ORIG.txt,W_SIN_009,SIN,SMK,B1_2,46,6,7,11,11,11,76.7,67.9
W_SIN_PTJ0_010_B1_2_ORIG.txt,W_SIN_010,SIN,PTJ,B1_2,45,7,10,11,9,10,78.3,71.7
W_SIN_SMK0_010_B1_2_ORIG.txt,W_SIN_010,SIN,SMK,B1_2,45,6,7,10,10,11,73.3,64.6
W_SIN_PTJ0_011_B1_2_ORIG.txt,W_SIN_011,SIN,PTJ,B1_2,46,10,10,12,10,10,86.7,82.5
W_SIN_SMK0_011_B1_2_ORIG.txt,W_SIN_011,SIN,SMK,B1_2,46,6,7,10,8,10,68.3,60.8
W_SIN_SMK0_012_B1_2_ORIG.txt,W_SIN_012,SIN,SMK,B1_2,45,11,12,11,10,11,91.7,87.1
W_SIN_PTJ0_012_B1_2_ORIG.txt,W_SIN_012,SIN,PTJ,B1_2,45,10,10,12,10,11,88.3,82.9
W_SIN_PTJ0_013_B1_2_ORIG.txt,W_SIN_013,SIN,PTJ,B1_2,43,11,11,12,10,10,90,86.7
W_SIN_SMK0_013_B1_2_ORIG.txt,W_SIN_013,SIN,SMK,B1_2,43,10,10,11,11,11,88.3,82.9
W_SIN_PTJ0_014_B2_0_ORIG.txt,W_SIN_014,SIN,PTJ,B2_0,47,12,12,11,11,11,95,91.3
W_SIN_SMK0_014_B2_0_ORIG.txt,W_SIN_014,SIN,SMK,B2_0,47,10,10,11,10,11,86.7,81.3
W_SIN_PTJ0_021_B2_0_ORIG.txt,W_SIN_021,SIN,PTJ,B2_0,47,11,10,10,8,10,81.7,78.3
W_SIN_SMK0_021_B2_0_ORIG.txt,W_SIN_021,SIN,SMK,B2_0,47,10,9,10,8,10,78.3,74.2
W_SIN_PTJ0_023_B2_0_ORIG.txt,W_SIN_023,SIN,PTJ,B2_0,47,12,11,12,11,11,95,91.3
W_SIN_SMK0_023_B2_0_ORIG.txt,W_SIN_023,SIN,SMK,B2_0,47,8,10,11,10,11,83.3,76.3
W_SIN_SMK0_024_B2_0_ORIG.txt,W_SIN_024,SIN,SMK,B2_0,47,11,11,11,11,11,91.7,87.1
W_SIN_PTJ0_024_B2_0_ORIG.txt,W_SIN_024,SIN,PTJ,B2_0,47,12,11,12,11,11,95,91.3
W_SIN_PTJ0_035_B2_0_ORIG.txt,W_SIN_035,SIN,PTJ,B2_0,47,10,10,12,10,11,88.3,82.9
W_SIN_SMK0_035_B2_0_ORIG.txt,W_SIN_035,SIN,SMK,B2_0,47,11,10,11,11,11,90,85.4
W_SIN_PTJ0_037_B2_0_ORIG.txt,W_SIN_037,SIN,PTJ,B2_0,47,10,12,12,11,11,93.3,87.9
W_SIN_SMK0_037_B2_0_ORIG.txt,W_SIN_037,SIN,SMK,B2_0,47,9,9,11,11,11,85,78.8
W_SIN_PTJ0_043_B2_0_ORIG.txt,W_SIN_043,SIN,PTJ,B2_0,47,12,12,12,10,11,95,91.3
W_SIN_SMK0_043_B2_0_ORIG.txt,W_SIN_043,SIN,SMK,B2_0,47,10,11,10,11,10,86.7,82.5
W_THA_PTJ0_001_B1_2_ORIG.txt,W_THA_001,THA,PTJ,B1_2,39,7,7,4,5,4,45,45.8
W_THA_SMK0_001_B1_2_ORIG.txt,W_THA_001,THA,SMK,B1_2,39,5,5,6,5,7,46.7,42.1
W_THA_SMK0_002_B1_2_ORIG.txt,W_THA_002,THA,SMK,B1_2,43,1,2,2,1,3,15,12.1
W_THA_PTJ0_002_B1_2_ORIG.txt,W_THA_002,THA,PTJ,B1_2,43,1,1,1,1,1,8.3,7.9
W_THA_SMK0_003_A2_0_ORIG.txt,W_THA_003,THA,SMK,A2_0,22,8,8,7,7,6,60,59.2
W_THA_PTJ0_003_A2_0_ORIG.txt,W_THA_003,THA,PTJ,A2_0,22,3,5,7,5,4,40,37.5
W_THA_SMK0_004_B1_2_ORIG.txt,W_THA_004,THA,SMK,B1_2,39,4,3,4,3,3,28.3,27.9
W_THA_PTJ0_004_B1_2_ORIG.txt,W_THA_004,THA,PTJ,B1_2,39,4,2,4,3,2,25,25.8
W_THA_SMK0_005_B1_2_ORIG.txt,W_THA_005,THA,SMK,B1_2,39,6,6,6,5,6,48.3,45.8
W_THA_PTJ0_005_B1_2_ORIG.txt,W_THA_005,THA,PTJ,B1_2,39,4,4,5,4,3,33.3,32.9
W_THA_SMK0_006_B1_2_ORIG.txt,W_THA_006,THA,SMK,B1_2,43,9,8,9,8,10,73.3,68.3
W_THA_PTJ0_006_B1_2_ORIG.txt,W_THA_006,THA,PTJ,B1_2,43,7,6,5,7,5,50,49.6
W_THA_SMK0_007_B1_2_ORIG.txt,W_THA_007,THA,SMK,B1_2,38,7,7,6,6,8,56.7,52.5
W_THA_PTJ0_007_B1_2_ORIG.txt,W_THA_007,THA,PTJ,B1_2,38,5,6,6,4,2,38.3,40
W_THA_PTJ0_008_A2_0_ORIG.txt,W_THA_008,THA,PTJ,A2_0,16,8,8,7,6,8,61.7,58.3
W_THA_SMK0_008_A2_0_ORIG.txt,W_THA_008,THA,SMK,A2_0,16,5,6,5,5,8,48.3,42.5
W_THA_PTJ0_009_B1_1_ORIG.txt,W_THA_009,THA,PTJ,B1_1,30,6,6,7,4,7,50,46.3
W_THA_SMK0_009_B1_1_ORIG.txt,W_THA_009,THA,SMK,B1_1,30,4,3,2,2,3,23.3,22.9
W_THA_SMK0_010_A2_0_ORIG.txt,W_THA_010,THA,SMK,A2_0,18,9,8,8,7,9,68.3,64.6
W_THA_PTJ0_010_A2_0_ORIG.txt,W_THA_010,THA,PTJ,A2_0,18,9,8,10,8,10,75,70
W_THA_SMK0_011_B1_2_ORIG.txt,W_THA_011,THA,SMK,B1_2,43,11,11,11,11,11,91.7,87.1
W_THA_PTJ0_011_B1_2_ORIG.txt,W_THA_011,THA,PTJ,B1_2,43,7,7,7,7,8,60,55.8
W_THA_SMK0_012_A2_0_ORIG.txt,W_THA_012,THA,SMK,A2_0,14,5,6,5,3,3,36.7,37.1
W_THA_PTJ0_012_A2_0_ORIG.txt,W_THA_012,THA,PTJ,A2_0,14,6,6,7,4,7,50,46.3
W_THA_PTJ0_013_A2_0_ORIG.txt,W_THA_013,THA,PTJ,A2_0,22,8,7,7,6,8,60,56.7
W_THA_SMK0_013_A2_0_ORIG.txt,W_THA_013,THA,SMK,A2_0,22,6,6,7,5,6,50,47.5
W_THA_PTJ0_014_A2_0_ORIG.txt,W_THA_014,THA,PTJ,A2_0,21,5,4,5,3,5,36.7,34.6
W_THA_SMK0_014_A2_0_ORIG.txt,W_THA_014,THA,SMK,A2_0,21,2,1,2,1,2,13.3,12.5
W_THA_SMK0_015_B1_2_ORIG.txt,W_THA_015,THA,SMK,B1_2,45,8,8,7,5,7,58.3,56.3
W_THA_PTJ0_015_B1_2_ORIG.txt,W_THA_015,THA,PTJ,B1_2,45,6,5,5,3,6,41.7,39.2
W_THA_SMK0_016_A2_0_ORIG.txt,W_THA_016,THA,SMK,A2_0,21,6,7,7,6,5,51.7,50.4
W_THA_PTJ0_016_A2_0_ORIG.txt,W_THA_016,THA,PTJ,A2_0,21,7,6,7,5,6,51.7,50
W_THA_SMK0_017_B1_1_ORIG.txt,W_THA_017,THA,SMK,B1_1,27,7,7,7,5,5,51.7,51.3
W_THA_PTJ0_017_B1_1_ORIG.txt,W_THA_017,THA,PTJ,B1_1,27,8,7,7,7,8,61.7,58.3
W_THA_PTJ0_018_B1_1_ORIG.txt,W_THA_018,THA,PTJ,B1_1,32,9,9,9,8,8,71.7,69.2
W_THA_SMK0_018_B1_1_ORIG.txt,W_THA_018,THA,SMK,B1_1,32,7,8,7,7,8,61.7,57.5
W_THA_SMK0_019_B1_2_ORIG.txt,W_THA_019,THA,SMK,B1_2,37,8,8,8,7,8,65,61.7
W_THA_PTJ0_019_B1_2_ORIG.txt,W_THA_019,THA,PTJ,B1_2,37,8,7,7,7,7,60,57.9
W_THA_PTJ0_020_B1_1_ORIG.txt,W_THA_020,THA,PTJ,B1_1,34,6,6,6,6,7,51.7,47.9
W_THA_SMK0_020_B1_1_ORIG.txt,W_THA_020,THA,SMK,B1_1,34,7,6,6,6,7,53.3,50.4
W_THA_PTJ0_021_B1_1_ORIG.txt,W_THA_021,THA,PTJ,B1_1,25,6,7,7,6,8,56.7,51.7
W_THA_SMK0_021_B1_1_ORIG.txt,W_THA_021,THA,SMK,B1_1,25,6,6,7,6,6,51.7,49.2
W_THA_PTJ0_023_A2_0_ORIG.txt,W_THA_023,THA,PTJ,A2_0,22,5,5,4,3,6,38.3,35
W_THA_SMK0_023_A2_0_ORIG.txt,W_THA_023,THA,SMK,A2_0,22,2,1,1,1,3,13.3,11.3
W_THA_SMK0_024_B1_1_ORIG.txt,W_THA_024,THA,SMK,B1_1,30,10,11,10,9,10,83.3,79.2
W_THA_PTJ0_024_B1_1_ORIG.txt,W_THA_024,THA,PTJ,B1_1,30,7,8,7,6,7,58.3,55.4
W_THA_PTJ0_025_B1_1_ORIG.txt,W_THA_025,THA,PTJ,B1_1,30,6,6,6,5,6,48.3,45.8
W_THA_SMK0_025_B1_1_ORIG.txt,W_THA_025,THA,SMK,B1_1,30,5,4,4,4,5,36.7,34.6
W_THA_PTJ0_026_A2_0_ORIG.txt,W_THA_026,THA,PTJ,A2_0,11,3,3,3,2,3,23.3,22.1
W_THA_SMK0_026_A2_0_ORIG.txt,W_THA_026,THA,SMK,A2_0,11,2,1,3,1,1,13.3,13.8
W_THA_SMK0_027_B1_2_ORIG.txt,W_THA_027,THA,SMK,B1_2,36,9,8,8,8,9,70,66.3
W_THA_PTJ0_027_B1_2_ORIG.txt,W_THA_027,THA,PTJ,B1_2,36,8,6,7,6,7,56.7,54.6
W_THA_SMK0_028_B1_1_ORIG.txt,W_THA_028,THA,SMK,B1_1,34,9,10,7,8,10,73.3,68.3
W_THA_PTJ0_028_B1_1_ORIG.txt,W_THA_028,THA,PTJ,B1_1,34,7,7,7,7,8,60,55.8
W_THA_SMK0_030_B1_1_ORIG.txt,W_THA_030,THA,SMK,B1_1,31,9,8,7,7,9,66.7,62.9
W_THA_PTJ0_030_B1_1_ORIG.txt,W_THA_030,THA,PTJ,B1_1,31,7,6,7,5,6,51.7,50
W_THA_PTJ0_032_A2_0_ORIG.txt,W_THA_032,THA,PTJ,A2_0,23,7,6,7,5,7,53.3,50.4
W_THA_SMK0_032_A2_0_ORIG.txt,W_THA_032,THA,SMK,A2_0,23,7,6,8,7,9,61.7,56.3
W_THA_SMK0_033_B1_1_ORIG.txt,W_THA_033,THA,SMK,B1_1,31,8,9,8,7,9,68.3,63.8
W_THA_PTJ0_033_B1_1_ORIG.txt,W_THA_033,THA,PTJ,B1_1,31,7,8,7,5,6,55,53.3
W_TWN_SMK0_001_B1_2_ORIG.txt,W_TWN_001,TWN,SMK,B1_2,38,10,11,9,9,10,81.7,77.5
W_TWN_PTJ0_001_B1_2_ORIG.txt,W_TWN_001,TWN,PTJ,B1_2,38,11,10,10,9,9,81.7,79.6
W_TWN_PTJ0_002_B1_1_ORIG.txt,W_TWN_002,TWN,PTJ,B1_1,31,10,10,9,8,8,75,73.3
W_TWN_SMK0_002_B1_1_ORIG.txt,W_TWN_002,TWN,SMK,B1_1,31,9,8,8,8,9,70,66.3
W_TWN_SMK0_003_B1_1_ORIG.txt,W_TWN_003,TWN,SMK,B1_1,25,8,8,6,6,7,58.3,56.3
W_TWN_PTJ0_003_B1_1_ORIG.txt,W_TWN_003,TWN,PTJ,B1_1,25,7,6,6,7,7,55,52.1
W_TWN_SMK0_004_B1_1_ORIG.txt,W_TWN_004,TWN,SMK,B1_1,32,10,9,9,7,8,71.7,70
W_TWN_PTJ0_004_B1_1_ORIG.txt,W_TWN_004,TWN,PTJ,B1_1,32,8,7,7,7,8,61.7,58.3
W_TWN_PTJ0_005_B1_2_ORIG.txt,W_TWN_005,TWN,PTJ,B1_2,38,11,10,9,9,9,80,77.9
W_TWN_SMK0_005_B1_2_ORIG.txt,W_TWN_005,TWN,SMK,B1_2,38,9,9,10,8,8,73.3,70.8
W_TWN_SMK0_006_A2_0_ORIG.txt,W_TWN_006,TWN,SMK,A2_0,29,9,9,8,9,8,71.7,69.2
W_TWN_PTJ0_006_A2_0_ORIG.txt,W_TWN_006,TWN,PTJ,A2_0,29,8,7,8,7,7,61.7,59.6
W_TWN_PTJ0_007_B2_0_ORIG.txt,W_TWN_007,TWN,PTJ,B2_0,36,11,11,10,9,9,83.3,81.3
W_TWN_SMK0_007_B2_0_ORIG.txt,W_TWN_007,TWN,SMK,B2_0,36,10,10,9,9,10,80,75.8
W_TWN_SMK0_008_B1_1_ORIG.txt,W_TWN_008,TWN,SMK,B1_1,35,10,11,11,10,11,88.3,82.9
W_TWN_PTJ0_008_B1_1_ORIG.txt,W_TWN_008,TWN,PTJ,B1_1,35,7,7,6,6,6,53.3,51.7
W_TWN_PTJ0_009_B1_1_ORIG.txt,W_TWN_009,TWN,PTJ,B1_1,35,8,8,7,7,7,61.7,59.6
W_TWN_SMK0_009_B1_1_ORIG.txt,W_TWN_009,TWN,SMK,B1_1,35,7,7,6,6,7,55,52.1
W_TWN_SMK0_010_A2_0_ORIG.txt,W_TWN_010,TWN,SMK,A2_0,28,9,8,9,8,8,70,67.5
W_TWN_PTJ0_010_A2_0_ORIG.txt,W_TWN_010,TWN,PTJ,A2_0,28,8,7,8,7,7,61.7,59.6
W_TWN_PTJ0_011_B1_2_ORIG.txt,W_TWN_011,TWN,PTJ,B1_2,36,9,9,8,8,8,70,67.5
W_TWN_SMK0_011_B1_2_ORIG.txt,W_TWN_011,TWN,SMK,B1_2,36,10,9,8,8,9,73.3,70.4
W_TWN_SMK0_012_B2_0_ORIG.txt,W_TWN_012,TWN,SMK,B2_0,34,10,10,9,8,9,76.7,73.8
W_TWN_PTJ0_012_B2_0_ORIG.txt,W_TWN_012,TWN,PTJ,B2_0,34,8,8,8,8,7,65,62.9
W_TWN_SMK0_013_A2_0_ORIG.txt,W_TWN_013,TWN,SMK,A2_0,13,6,4,4,4,5,38.3,37.1
W_TWN_PTJ0_013_A2_0_ORIG.txt,W_TWN_013,TWN,PTJ,A2_0,13,4,3,3,3,3,26.7,26.3
W_TWN_SMK0_014_B1_2_ORIG.txt,W_TWN_014,TWN,SMK,B1_2,43,11,11,10,10,11,88.3,83.8
W_TWN_PTJ0_014_B1_2_ORIG.txt,W_TWN_014,TWN,PTJ,B1_2,43,8,7,7,7,7,60,57.9
W_TWN_SMK0_015_A2_0_ORIG.txt,W_TWN_015,TWN,SMK,A2_0,18,10,11,10,10,11,86.7,81.3
W_TWN_PTJ0_015_A2_0_ORIG.txt,W_TWN_015,TWN,PTJ,A2_0,18,9,8,8,7,7,65,63.8
W_TWN_SMK0_016_A2_0_ORIG.txt,W_TWN_016,TWN,SMK,A2_0,11,9,8,6,5,6,56.7,56.7
W_TWN_PTJ0_016_A2_0_ORIG.txt,W_TWN_016,TWN,PTJ,A2_0,11,6,6,5,4,4,41.7,41.7
W_TWN_PTJ0_017_B1_1_ORIG.txt,W_TWN_017,TWN,PTJ,B1_1,26,9,9,8,8,8,70,67.5
W_TWN_SMK0_017_B1_1_ORIG.txt,W_TWN_017,TWN,SMK,B1_1,26,9,9,9,8,9,73.3,69.6
W_TWN_SMK0_018_B1_1_ORIG.txt,W_TWN_018,TWN,SMK,B1_1,32,10,10,9,8,8,75,73.3
W_TWN_PTJ0_018_B1_1_ORIG.txt,W_TWN_018,TWN,PTJ,B1_1,32,10,9,8,8,8,71.7,70
W_TWN_PTJ0_019_B1_2_ORIG.txt,W_TWN_019,TWN,PTJ,B1_2,38,10,10,10,9,9,80,77.1
W_TWN_SMK0_019_B1_2_ORIG.txt,W_TWN_019,TWN,SMK,B1_2,38,8,8,7,6,7,60,57.9
W_TWN_SMK0_020_B1_2_ORIG.txt,W_TWN_020,TWN,SMK,B1_2,39,9,9,9,8,9,73.3,69.6
W_TWN_PTJ0_020_B1_2_ORIG.txt,W_TWN_020,TWN,PTJ,B1_2,39,7,7,6,6,6,53.3,51.7
W_TWN_PTJ0_021_B1_2_ORIG.txt,W_TWN_021,TWN,PTJ,B1_2,36,10,10,9,8,9,76.7,73.8
W_TWN_SMK0_021_B1_2_ORIG.txt,W_TWN_021,TWN,SMK,B1_2,36,9,8,7,7,8,65,62.5
W_TWN_SMK0_022_A2_0_ORIG.txt,W_TWN_022,TWN,SMK,A2_0,20,7,7,6,6,7,55,52.1
W_TWN_PTJ0_022_A2_0_ORIG.txt,W_TWN_022,TWN,PTJ,A2_0,20,5,4,3,3,3,30,30.4
W_TWN_PTJ0_023_B1_2_ORIG.txt,W_TWN_023,TWN,PTJ,B1_2,39,11,12,11,10,11,91.7,87.1
W_TWN_SMK0_023_B1_2_ORIG.txt,W_TWN_023,TWN,SMK,B1_2,39,11,11,10,10,11,88.3,83.8
W_TWN_PTJ0_024_B1_2_ORIG.txt,W_TWN_024,TWN,PTJ,B1_2,46,10,10,9,9,10,80,75.8
W_TWN_SMK0_024_B1_2_ORIG.txt,W_TWN_024,TWN,SMK,B1_2,46,11,10,10,9,10,83.3,80
W_TWN_SMK0_025_B1_1_ORIG.txt,W_TWN_025,TWN,SMK,B1_1,28,11,11,10,9,10,85,81.7
W_TWN_PTJ0_025_B1_1_ORIG.txt,W_TWN_025,TWN,PTJ,B1_1,28,9,9,8,7,7,66.7,65.4
W_TWN_SMK0_026_B1_1_ORIG.txt,W_TWN_026,TWN,SMK,B1_1,26,8,8,7,6,7,60,57.9
W_TWN_PTJ0_026_B1_1_ORIG.txt,W_TWN_026,TWN,PTJ,B1_1,26,7,7,6,5,5,50,49.6
W_TWN_SMK0_027_B1_1_ORIG.txt,W_TWN_027,TWN,SMK,B1_1,34,10,11,9,9,10,81.7,77.5
W_TWN_PTJ0_027_B1_1_ORIG.txt,W_TWN_027,TWN,PTJ,B1_1,34,8,8,7,6,7,60,57.9
W_TWN_SMK0_028_B1_2_ORIG.txt,W_TWN_028,TWN,SMK,B1_2,38,10,11,10,10,11,86.7,81.3
W_TWN_PTJ0_028_B1_2_ORIG.txt,W_TWN_028,TWN,PTJ,B1_2,38,7,7,8,6,7,58.3,55.4
W_TWN_SMK0_037_A2_0_ORIG.txt,W_TWN_037,TWN,SMK,A2_0,25,10,9,10,9,9,78.3,75.4
W_TWN_PTJ0_037_A2_0_ORIG.txt,W_TWN_037,TWN,PTJ,A2_0,25,7,7,6,6,7,55,52.1
W_TWN_SMK0_039_A2_0_ORIG.txt,W_TWN_039,TWN,SMK,A2_0,18,9,8,9,8,7,68.3,67.1
W_TWN_PTJ0_039_A2_0_ORIG.txt,W_TWN_039,TWN,PTJ,A2_0,18,8,7,7,7,6,58.3,57.5
W_TWN_PTJ0_040_A2_0_ORIG.txt,W_TWN_040,TWN,PTJ,A2_0,20,7,8,7,7,8,61.7,57.5
W_TWN_SMK0_040_A2_0_ORIG.txt,W_TWN_040,TWN,SMK,A2_0,20,8,7,6,5,6,53.3,52.5
W_TWN_SMK0_041_A2_0_ORIG.txt,W_TWN_041,TWN,SMK,A2_0,21,11,11,10,10,10,86.7,83.3
W_TWN_PTJ0_041_A2_0_ORIG.txt,W_TWN_041,TWN,PTJ,A2_0,21,10,9,10,9,10,80,75.8
W_TWN_SMK0_048_B2_0_ORIG.txt,W_TWN_048,TWN,SMK,B2_0,30,10,10,9,9,10,80,75.8
W_TWN_PTJ0_048_B2_0_ORIG.txt,W_TWN_048,TWN,PTJ,B2_0,30,10,9,9,9,10,78.3,74.2
W_TWN_SMK0_057_B2_0_ORIG.txt,W_TWN_057,TWN,SMK,B2_0,40,11,11,10,10,11,88.3,83.8
W_TWN_PTJ0_057_B2_0_ORIG.txt,W_TWN_057,TWN,PTJ,B2_0,40,9,9,9,10,10,78.3,73.3
W_TWN_SMK0_068_B2_0_ORIG.txt,W_TWN_068,TWN,SMK,B2_0,39,12,11,11,11,12,95,90
W_TWN_PTJ0_068_B2_0_ORIG.txt,W_TWN_068,TWN,PTJ,B2_0,39,11,10,10,10,11,86.7,82.1
W_TWN_SMK0_069_B2_0_ORIG.txt,W_TWN_069,TWN,SMK,B2_0,41,12,11,10,11,12,93.3,88.3
W_TWN_PTJ0_069_B2_0_ORIG.txt,W_TWN_069,TWN,PTJ,B2_0,41,9,10,10,9,8,76.7,74.2
W_TWN_PTJ0_077_B2_0_ORIG.txt,W_TWN_077,TWN,PTJ,B2_0,33,11,11,11,10,10,88.3,85
W_TWN_SMK0_077_B2_0_ORIG.txt,W_TWN_077,TWN,SMK,B2_0,33,11,11,11,10,10,88.3,85
W_TWN_PTJ0_086_B2_0_ORIG.txt,W_TWN_086,TWN,PTJ,B2_0,36,11,12,11,10,10,90,86.7
W_TWN_SMK0_086_B2_0_ORIG.txt,W_TWN_086,TWN,SMK,B2_0,36,10,9,9,9,10,78.3,74.2
W_TWN_PTJ0_088_B2_0_ORIG.txt,W_TWN_088,TWN,PTJ,B2_0,35,10,10,10,9,9,80,77.1
W_TWN_SMK0_088_B2_0_ORIG.txt,W_TWN_088,TWN,SMK,B2_0,35,9,7,6,7,7,60,58.8
W_TWN_PTJ0_095_B2_0_ORIG.txt,W_TWN_095,TWN,PTJ,B2_0,37,11,11,9,9,9,81.7,79.6
W_TWN_SMK0_095_B2_0_ORIG.txt,W_TWN_095,TWN,SMK,B2_0,37,9,8,9,8,9,71.7,67.9